Pitchers,Opp: 7/15,Roster Status,GP*,Rankings_Pre-Season,Rankings_Current,Trends_% Ros,Season (total)_IP*,Season (total)_SV,Season (total)_K,Season (total)_ERA,Season (total)_WHIP,Season (total)_QS,
Jacob MisiorowskiDTDPlayer Note MIL - P ,,The Eds,18,9,1,98%,111.0,0,167,1.62,0.76,12,
Cam SchlittlerPlayer Note NYY - P,,Detroit Fastballs,20,14,6,98%,118.2,0,137,2.05,0.94,12,
Zack WheelerNew Player Note PHI - P,,The Eds,15,27,8,97%,93.0,0,108,2.13,0.89,11,
Mason MillerPlayer Note SD - P ,,Stealth Bomber,38,21,12,99%,39.2,25,72,0.91,0.78,0,
Shohei Ohtani (Pitcher)Player Note LAD - P ,,Detroit Fastballs,88,58,15,98%,85.2,0,95,1.79,0.95,12,
Yoshinobu YamamotoPlayer Note LAD - P ,,NY Bombsquad,17,13,18,99%,110.2,0,106,2.85,0.91,13,
Chase BurnsDTDPlayer Note CIN - P ,,Cash is King,18,20,21,98%,102.2,0,118,2.54,1.11,9,
Cristopher SánchezNew Player Note PHI - P ,,Cookie Monster ,20,8,22,99%,127.1,0,144,2.62,1.19,14,
Foster GriffinPlayer Note WSH - P,,Joey Spierer's Team,19,254,25,83%,110.1,0,109,2.77,1.02,10,
Louis VarlandPlayer Note TOR - P,,Trust The Process,44,98,26,84%,49.0,19,67,1.1,0.98,0,
Chris SalePlayer Note ATL - P ,,Rafael Devers,17,26,27,99%,98.0,0,117,2.2,1.11,10,
Jacob LatzNo new player Notes TEX - P,,Joe Byron,35,197,30,66%,44.2,18,46,1.61,0.67,0,
Max MeyerPlayer Note MIA - P,,Stealth Bomber,19,185,32,88%,108.0,0,116,2.58,1.11,7,
Sonny GrayPlayer Note BOS - P,,Cash is King,17,142,35,97%,95.2,0,85,2.54,1.1,12,
Dylan CeaseNew Player Note TOR - P,,Rafael Devers,17,133,37,99%,98.1,0,148,2.56,1.13,7,
Justin WrobleskiPlayer Note LAD - P,,NY Bombsquad,16,317,39,80%,100.1,0,73,2.69,1.02,11,
Parker MessickPlayer Note CLE - P,,Cookie Monster ,19,89,43,91%,112.0,0,110,2.73,1.07,7,
Bryan BakerPlayer Note TB - P,,Stealth Bomber,38,144,44,79%,36.1,25,41,1.73,0.83,0,
Jhoan DuranPlayer Note PHI - P,,Tm Mndlsn nd Mtchn,34,95,45,98%,32.2,24,50,1.38,0.92,0,
Joe RyanPlayer Note MIN - P,,Cash is King,20,40,47,99%,110.1,0,128,2.85,1.05,11,
Cade SmithPlayer Note CLE - P,,Tm Mndlsn nd Mtchn,42,47,49,98%,44.1,28,63,2.84,1.11,0,
Logan GilbertPlayer Note SEA - P,,Stealth Bomber,19,43,52,99%,114.0,0,119,3.32,0.99,8,
Paul SkenesPlayer Note PIT - P ,,Ranger danger,20,12,56,99%,108.1,0,130,3.57,1.02,9,
Drew RasmussenPlayer Note TB - P,,Tm Mndlsn nd Mtchn,18,104,58,94%,99.1,0,98,3.26,0.95,10,
Dylan LeeNo new player Notes ATL - P,,FA,44,378,60,25%,43.0,0,53,1.47,0.65,0,
Jacob deGromDTDPlayer Note TEX - P ,,Trust The Process,18,22,61,99%,100.2,0,122,3.49,1.01,8,
Kyle HarrisonIL15Player Note MIL - P,,Ranger danger,17,59,62,83%,83.2,0,101,3.01,1.08,6,
Braxton AshcraftPlayer Note PIT - P,,Cash is King,19,93,65,89%,113.1,0,128,3.49,1.11,10,
Eduardo RodriguezPlayer Note AZ - P,,Fightin Farmers,19,279,66,68%,114.0,0,79,2.29,1.17,12,
Ben BrownIL15No new player Notes CHC - P,,Ranger danger,20,180,68,42%,68.0,1,65,1.85,0.94,3,
Bryce MillerVideo ForecastPlayer Note SEA - P,,Tm Mndlsn nd Mtchn,10,88,71,82%,57.2,0,65,2.18,0.83,3,
Gavin WilliamsPlayer Note CLE - P,,Fightin Farmers,19,112,74,95%,113.1,0,134,3.81,1.15,7,
Troy MeltonPlayer Note DET - P,,Detroit Fastballs,8,275,76,63%,49.1,0,41,1.82,0.81,5,
Emerson HancockDTDPlayer Note SEA - P,,Trust The Process,18,171,77,82%,99.1,0,94,3.17,1.01,9,
Shane McClanahanPlayer Note TB - P,,Trust The Process,17,103,78,87%,86.0,0,82,2.83,1.13,4,
Tarik SkubalPlayer Note DET - P ,,Ranger danger,13,23,80,99%,75.2,0,89,3.09,0.95,6,
Michael SorokaIL15Player Note AZ - P,,Detroit Fastballs,15,167,81,68%,82.0,0,79,3.07,1.09,7,
Nick MartinezPlayer Note TB - P,,Fightin Farmers,18,196,84,61%,105.1,0,62,2.65,1.12,9,
Tanner ScottPlayer Note LAD - P,,Fightin Farmers,41,213,85,54%,38.2,13,50,2.56,0.78,0,
Riley O'BrienPlayer Note STL - P,,NY Bombsquad,39,177,86,79%,39.1,24,39,3.43,1.12,0,
David BednarPlayer Note NYY - P ,,Rafael Devers,37,75,87,95%,40.0,18,45,2.7,1.1,0,
Robert SuarezIL15Player Note ATL - P,,FA,31,304,89,48%,32.0,4,26,0.56,0.84,0,
Peter LambertPlayer Note HOU - P,,Stealth Bomber,15,217,93,49%,86.0,0,81,3.14,1.12,6,
John KingIL15Player Note MIA - P,,FA,40,416,94,2%,40.0,1,30,2.48,0.75,0,
Jesús LuzardoPlayer Note PHI - P,,Tm Mndlsn nd Mtchn,19,66,95,98%,110.1,0,136,3.51,1.22,10,
Paul SewaldPlayer Note AZ - P,,NY Bombsquad,37,106,96,64%,34.0,22,38,4.24,0.88,0,
Nolan McLeanPlayer Note NYM - P ,,NY Bombsquad,19,84,99,97%,107.1,0,125,3.52,1.12,10,
Casey MizePlayer Note DET - P,,Detroit Fastballs,14,284,100,69%,77.1,0,77,2.79,1.0,7,
Taj BradleyPlayer Note MIN - P,,Tm Mndlsn nd Mtchn,18,306,102,78%,102.2,0,118,3.59,1.22,8,
Rico GarciaNo new player Notes BAL - P,,FA,44,351,105,22%,41.1,4,43,2.61,0.85,0,
Kevin KellyNo new player Notes TB - P,,FA,41,410,107,17%,44.1,4,32,2.44,0.92,0,
Trevor MegillPlayer Note MIL - P,,Joey Spierer's Team,37,117,110,80%,36.0,14,46,3.0,0.97,0,
Payton TollePlayer Note BOS - P,,Ranger danger,15,210,111,66%,84.0,0,87,3.11,1.07,8,
Colin HoldermanPlayer Note CLE - P,,FA,35,435,112,5%,35.1,1,39,1.78,0.85,0,
Brent HeadrickNo new player Notes NYY - P,,FA,47,406,115,3%,46.1,0,53,1.55,1.19,0,
Raisel IglesiasPlayer Note ATL - P,,Rafael Devers,31,128,116,92%,32.1,19,36,2.23,1.08,0,
Aaron AshbyNo new player Notes MIL - P,,FA,45,341,118,35%,55.2,0,75,3.56,1.44,0,
Grant TaylorPlayer Note CWS - P,,Joe Byron,36,289,121,22%,48.1,4,67,2.79,1.1,0,
Aroldis ChapmanPlayer Note BOS - P,,Detroit Fastballs,30,70,122,96%,28.2,19,36,2.2,1.22,0,
Sean BurkePlayer Note CWS - P,,NY Bombsquad,19,297,124,70%,105.2,0,115,3.41,1.17,6,
Nathan EovaldiPlayer Note TEX - P ,,Trust The Process,18,79,126,94%,111.1,0,120,4.04,1.18,10,
Keider MonteroPlayer Note DET - P,,FA,20,251,127,14%,97.1,1,65,3.33,1.01,7,
Gregory SotoPlayer Note PIT - P,,FA,40,169,129,36%,40.0,12,44,4.05,1.08,0,
Josh HaderPlayer Note HOU - P,,Cash is King,17,107,130,92%,15.1,10,25,1.17,0.91,0,
Antonio SenzatelaNo new player Notes COL - P,,FA,30,1394,131,10%,49.0,3,42,3.31,1.22,0,
Luke WeaverPlayer Note NYM - P,,FA,37,402,132,14%,39.0,1,43,1.85,0.82,0,
Adrian MorejonPlayer Note SD - P,,FA,44,395,134,16%,50.0,1,58,3.42,1.1,0,
Steven OkertNo new player Notes HOU - P,,FA,46,403,138,4%,46.2,0,47,2.31,0.84,0,
Abner UribePlayer Note MIL - P,,Rafael Devers,39,272,139,57%,38.2,6,35,2.56,1.03,0,
Garrett WhitlockPlayer Note BOS - P,,FA,34,401,140,21%,33.0,2,37,2.18,0.94,0,
Edgardo HenriquezNo new player Notes LAD - P,,FA,37,408,142,2%,39.1,1,37,2.29,0.94,0,
Tyler GlasnowIL60No new player Notes LAD - P,,The Eds,7,194,143,88%,39.2,0,49,2.72,0.83,4,
Orion KerkeringNo new player Notes PHI - P,,FA,39,405,145,5%,37.0,1,41,2.43,1.16,0,
Davis MartinPlayer Note CWS - P,,Joey Spierer's Team,18,237,147,69%,100.1,0,92,3.41,1.29,10,
Michael KingPlayer Note SD - P,,Trust The Process,19,85,148,91%,108.1,0,92,3.41,1.15,9,
José SorianoPlayer Note LAA - P,,NY Bombsquad,20,150,151,85%,111.0,0,115,3.49,1.29,7,
Ranger SuarezIL15Video ForecastPlayer Note BOS - P ,,Fightin Farmers,17,119,153,87%,91.1,0,97,3.15,1.16,7,
Bryan WooPlayer Note SEA - P ,,The Eds,18,38,154,98%,104.1,0,102,4.23,1.07,10,
Jake BennettVideo ForecastPlayer Note BOS - P,,Joe Byron,8,423,156,52%,47.2,0,35,2.64,0.94,4,
Andrés MuñozNo new player Notes SEA - P,,Detroit Fastballs,37,163,160,94%,34.1,16,51,4.19,1.28,0,
Clay HolmesIL60Player Note NYM - P,,Trust The Process,9,366,161,26%,52.2,0,45,2.39,1.1,4,
Michael McGreevyPlayer Note STL - P,,Joey Spierer's Team,18,313,162,33%,101.2,0,66,3.01,1.1,12,
Robbie RayPlayer Note SF - P,,Joey Spierer's Team,19,156,163,87%,106.2,0,90,3.38,1.27,7,
Connelly EarlyIL15Video ForecastPlayer Note BOS - P,,No Longer Rowdy,17,225,165,48%,91.2,0,93,3.44,1.25,7,
Spencer MilesPlayer Note TOR - P,,FA,26,426,169,3%,60.0,0,57,2.85,1.1,0,
Gordon GraceffoPlayer Note STL - P,,FA,39,447,170,0%,46.1,1,24,2.91,1.06,0,
Brandon WoodruffIL60Player Note MIL - P,,FA,9,195,171,71%,45.1,0,47,2.98,0.84,3,
Max FriedIL15Player Note NYY - P ,,Cash is King,10,131,173,98%,61.2,0,50,3.21,1.01,6,
Fernando CruzNo new player Notes NYY - P,,FA,44,415,175,11%,40.0,1,50,2.25,1.23,0,
Eury PérezPlayer Note MIA - P ,,Tm Mndlsn nd Mtchn,16,336,179,89%,85.2,0,95,3.78,1.14,6,
Sandy AlcantaraPlayer Note MIA - P,,Joe Byron,20,172,180,93%,130.2,0,100,3.99,1.22,14,
Brooks RaleyNo new player Notes NYM - P,,FA,39,414,184,3%,35.1,0,36,2.04,1.13,0,
Huascar BrazobánNo new player Notes NYM - P,,FA,39,419,187,2%,45.2,0,44,2.76,1.09,0,
Daniel Lynch IVNo new player Notes KC - P,,FA,39,422,191,3%,38.1,1,33,2.35,0.94,0,
Shane DrohanPlayer Note MIL - P,,No Longer Rowdy,19,438,193,33%,70.0,1,67,3.09,1.2,3,
Jack DreyerNo new player Notes LAD - P,,FA,38,409,194,3%,38.2,0,44,3.03,0.98,0,
Matt BrashIL15No new player Notes SEA - P,,FA,20,425,195,5%,16.2,0,15,0.54,0.84,0,
Didier FuentesNo new player Notes ATL - P,,FA,31,512,196,9%,37.1,1,44,2.65,1.21,0,
Taylor ClarkeNo new player Notes AZ - P,,FA,42,420,197,3%,41.2,0,23,2.59,0.84,0,
Chad PatrickNo new player Notes MIL - P,,FA,29,424,198,9%,73.1,4,61,3.56,1.2,1,
J.T. GinnPlayer Note ATH - P,,Tm Mndlsn nd Mtchn,21,462,199,45%,103.0,0,93,3.67,1.25,8,
Walbert UreñaPlayer Note LAA - P,,Tm Mndlsn nd Mtchn,17,442,200,30%,81.1,0,78,2.88,1.32,6,
Paul BlackburnPlayer Note NYY - P,,FA,32,494,201,0%,48.2,1,37,2.22,1.09,0,
Andre PallantePlayer Note STL - P,,Cash is King,18,325,203,33%,100.0,0,72,3.96,1.26,6,
Dylan DoddNo new player Notes ATL - P,,FA,22,436,204,1%,26.1,1,27,2.39,0.84,0,
Tyler WellsNo new player Notes BAL - P,,NY Bombsquad,35,430,205,17%,44.2,2,46,3.02,1.03,0,
Sean NewcombPlayer Note CWS - P,,FA,35,429,206,3%,53.2,3,52,2.52,1.06,0,
Bryan HudsonPlayer Note CWS - P,,FA,42,446,207,1%,41.0,3,39,2.2,1.27,0,
Jonathan LoáisigaNo new player Notes AZ - P,,FA,40,466,208,0%,37.1,1,26,2.17,0.99,0,
Jovani MoránNo new player Notes BOS - P,,FA,25,456,209,0%,38.1,0,46,2.82,0.99,0,
Yohan RamírezNo new player Notes PIT - P,,FA,40,455,212,1%,51.2,1,58,3.31,1.34,0,
Anthony BenderIL15No new player Notes MIA - P,,FA,35,417,214,2%,34.1,2,41,2.62,0.96,0,
Shota ImanagaPlayer Note CHC - P,,Fightin Farmers,19,87,215,89%,108.0,0,105,4.17,1.12,7,
Martín PérezIL15Player Note ATL - P,,FA,18,300,216,15%,81.1,0,62,3.54,1.19,2,
Griffin JaxPlayer Note TB - P,,The Eds,25,345,218,63%,70.0,0,71,3.47,1.23,1,
Trent ThorntonPlayer Note CHC - P,,FA,25,459,219,1%,29.0,3,13,2.48,1.0,0,
Ryan RolisonNo new player Notes CHC - P,,FA,32,569,220,1%,35.1,1,36,2.8,1.3,0,
Alex VesiaNo new player Notes LAD - P,,FA,42,338,221,20%,31.2,3,45,2.27,1.14,0,
Jacob WebbPlayer Note CHC - P,,Detroit Fastballs,42,413,222,12%,41.1,5,48,3.05,1.28,0,
Joey CantilloPlayer Note CLE - P,,Joey Spierer's Team,20,347,223,59%,101.0,0,105,3.56,1.4,4,
Ian SeymourPlayer Note TB - P,,Stealth Bomber,33,377,224,56%,64.2,2,75,4.59,1.16,1,
Juan MorilloNo new player Notes AZ - P,,FA,41,490,228,4%,37.1,1,45,2.89,1.07,0,
Kevin GinkelNo new player Notes AZ - P,,FA,41,487,230,1%,38.0,0,40,2.84,1.11,0,
Bradgley RodriguezNo new player Notes SD - P,,FA,37,444,231,1%,40.1,0,37,2.23,1.12,0,
Tyler RogersNo new player Notes TOR - P,,FA,45,407,232,21%,43.2,2,22,1.65,1.12,0,
Logan HendersonPlayer Note MIL - P,,The Eds,6,207,234,55%,28.1,0,34,3.18,0.99,1,
Andrew MorrisPlayer Note MIN - P,,FA,35,454,235,7%,46.0,3,48,3.33,1.26,0,
Jakob JunisIL15No new player Notes TEX - P,,FA,31,204,237,8%,35.1,5,27,2.8,1.02,0,
Seranthony DomínguezPlayer Note CWS - P,,FA,36,146,239,34%,32.2,12,40,4.41,1.35,0,
Michael PetersenDTDPlayer Note MIA - P,,FA,39,476,240,8%,41.0,1,48,3.07,1.0,0,
Ryan ZeferjahnNo new player Notes LAA - P,,FA,38,449,241,2%,44.0,2,61,3.89,1.23,0,
Tyler KinleyPlayer Note ATL - P,,FA,38,433,242,1%,33.2,0,35,3.48,1.19,0,
Brandyn GarciaNo new player Notes AZ - P,,FA,28,500,243,2%,23.2,1,27,1.9,0.76,0,
Eduard BazardoNo new player Notes SEA - P,,FA,44,411,244,11%,41.1,0,40,2.4,1.23,0,
Tejay AntoneNo new player Notes CIN - P,,FA,28,474,245,0%,28.0,1,25,2.25,0.89,0,
Michael WachaPlayer Note KC - P,,Stealth Bomber,19,186,246,60%,119.1,0,96,3.77,1.19,12,
Logan WebbNew Player Note SF - P,,Ranger danger,16,41,247,97%,100.1,0,80,3.86,1.16,10,
Brant HurterIL60No new player Notes DET - P,,FA,21,428,250,1%,25.1,0,18,2.84,1.07,0,
George SorianoNo new player Notes STL - P,,FA,41,589,251,2%,40.2,2,35,3.32,1.11,0,
Will KleinNo new player Notes LAD - P,,FA,32,463,252,3%,37.1,2,43,2.41,1.37,0,
Trey YesavagePlayer Note TOR - P,,Detroit Fastballs,14,139,254,91%,75.0,0,69,3.72,1.16,5,
Carmen MlodzinskiNo new player Notes PIT - P,,FA,20,441,255,4%,80.2,2,64,3.24,1.36,1,
Clayton BeeterPlayer Note WSH - P,,FA,29,399,257,12%,27.1,7,31,3.62,1.32,0,
Carlos RodónIL15Player Note NYY - P,,The Eds,9,141,258,83%,46.1,0,52,3.3,1.25,3,
Braydon FisherPlayer Note TOR - P,,FA,44,418,259,3%,47.0,1,48,3.45,1.15,0,
Brandon YoungPlayer Note BAL - P,,Cookie Monster ,15,585,261,30%,84.1,0,67,3.42,1.35,7,
Tyler AlexanderNo new player Notes TEX - P,,FA,42,541,263,4%,40.2,4,38,2.21,1.28,0,
Jonathan BowlanPlayer Note PHI - P,,FA,33,479,264,1%,30.2,0,38,2.93,1.08,0,
Jeff HoffmanPlayer Note TOR - P,,FA,44,404,265,53%,41.1,5,64,4.57,1.4,0,
A.J. MinterNo new player Notes NYM - P,,FA,19,467,266,1%,19.0,0,17,1.42,0.84,0,
George KirbyPlayer Note SEA - P,,Trust The Process,18,120,267,97%,110.0,0,98,3.76,1.32,11,
Yoendrys GómezPlayer Note MIN - P,,Fightin Farmers,39,260,273,29%,43.2,11,38,3.5,1.26,0,
Evan SiskIL15No new player Notes PIT - P,,FA,32,480,274,0%,36.1,0,43,2.23,1.18,0,
Kyle BradishPlayer Note BAL - P ,,Tm Mndlsn nd Mtchn,19,73,275,93%,107.1,0,106,3.61,1.35,9,
Keaton WinnPlayer Note SF - P,,FA,31,502,276,3%,32.0,1,26,3.09,1.0,0,
Brad LordIL15Player Note WSH - P,,FA,27,492,277,2%,58.0,1,52,3.88,1.22,0,
Javier AssadPlayer Note CHC - P,,Trust The Process,15,458,278,12%,61.1,0,37,4.11,1.13,1,
Peyton GrayNo new player Notes TEX - P,,FA,27,485,279,1%,33.2,0,37,3.48,1.22,0,
Yennier CanoNo new player Notes BAL - P,,FA,42,530,280,2%,31.0,1,28,2.32,1.06,0,
Ryan ThompsonNo new player Notes AZ - P,,FA,38,470,282,0%,34.1,0,26,2.88,1.25,0,
Bryan KingNo new player Notes HOU - P,,FA,40,421,285,12%,43.0,6,33,2.93,1.3,0,
Reid DetmersPlayer Note LAA - P,,Cash is King,19,327,286,58%,108.2,0,123,4.39,1.14,7,
Cam BooserNo new player Notes TB - P,,FA,15,533,287,0%,17.0,0,23,1.59,0.76,0,
Jason AdamIL15Player Note SD - P,,FA,36,412,288,12%,32.1,2,22,2.51,1.18,0,
PJ PoulinPlayer Note WSH - P,,FA,35,482,289,1%,36.2,3,25,2.7,1.31,0,
Lake BacharNo new player Notes MIA - P,,FA,32,437,290,1%,50.1,1,55,3.58,1.07,0,
Cal QuantrillPlayer Note TEX - P,,FA,19,1361,295,1%,46.1,0,28,3.11,1.14,1,
Tim MayzaNo new player Notes PHI - P,,FA,37,515,296,0%,42.2,0,43,3.59,1.08,0,
Kenley JansenPlayer Note DET - P,,Joey Spierer's Team,27,148,297,68%,23.2,11,25,4.56,1.23,0,
Reynaldo LópezPlayer Note ATL - P,,Cookie Monster ,22,396,300,30%,61.2,0,54,3.5,1.26,1,
Blake TreinenIL15Player Note LAD - P,,FA,29,516,302,1%,23.0,1,25,3.52,1.35,0,
Cade CavalliPlayer Note WSH - P,,The Eds,20,379,303,36%,98.2,0,110,3.83,1.35,8,
Erik SabrowskiNo new player Notes CLE - P,,FA,35,468,305,15%,27.1,0,48,3.62,1.35,0,
Christian ScottPlayer Note NYM - P,,The Eds,12,504,306,16%,54.0,0,65,3.17,1.3,0,
Jesse ScholtensIL15Player Note TB - P,,FA,9,509,308,1%,37.2,0,30,3.82,1.27,0,
AJ BlubaughNo new player Notes HOU - P,,FA,36,443,309,1%,60.0,0,60,3.75,1.27,0,
Kirby YatesPlayer Note LAA - P,,FA,24,469,310,6%,21.0,3,28,3.0,1.0,0,
Grant HolmesPlayer Note ATL - P,,Cookie Monster ,18,501,311,21%,87.1,0,76,3.61,1.32,5,
Hogan HarrisNo new player Notes ATH - P,,FA,45,246,312,8%,42.0,6,56,3.43,1.55,0,
Tanner BibeePlayer Note CLE - P,,Fightin Farmers,20,203,313,79%,113.0,0,87,3.9,1.15,11,
Tyron GuerreroNo new player Notes BOS - P,,FA,19,523,314,4%,19.1,0,23,2.33,1.03,0,
Brennan BernardinoNo new player Notes COL - P,,FA,46,473,316,0%,39.1,1,27,2.97,1.27,0,
Will WarrenPlayer Note NYY - P,,NY Bombsquad,19,264,317,62%,98.1,0,96,4.03,1.36,5,
Chase SilsethNo new player Notes LAA - P,,FA,42,505,318,0%,35.2,0,45,3.03,1.4,0,
Daniel PalenciaIL15No new player Notes CHC - P ,,FA,19,228,320,60%,16.2,3,19,2.7,1.38,0,
Landen RouppPlayer Note SF - P,,No Longer Rowdy,18,349,322,41%,97.0,0,104,4.27,1.31,8,
Jeremiah EstradaIL15Player Note SD - P,,FA,21,440,323,5%,20.2,1,23,3.48,1.11,0,
Bailey OberPlayer Note MIN - P,,Cash is King,13,346,324,19%,71.2,0,51,4.4,1.19,4,
Garrett CleavingerPlayer Note TB - P,,FA,31,431,326,10%,27.2,2,38,3.58,1.3,0,
Elvis AlvaradoNo new player Notes ATH - P,,FA,25,499,327,4%,27.1,2,35,4.94,1.13,0,
Drew AndersonNo new player Notes DET - P,,FA,34,514,328,1%,56.0,2,70,4.18,1.29,0,
Gabe SpeierNo new player Notes SEA - P,,FA,30,434,331,4%,24.1,1,19,2.22,1.19,0,
Ryan WeathersPlayer Note NYY - P,,The Eds,18,314,333,45%,97.2,0,110,4.15,1.24,6,
Samy Natera Jr.Player Note LAA - P,,FA,12,539,334,0%,15.0,1,22,3.0,1.07,0,
Devin WilliamsPlayer Note NYM - P,,Cookie Monster ,35,108,335,88%,31.2,13,44,4.83,1.71,0,
Kevin GausmanPlayer Note TOR - P,,Ranger danger,20,71,336,96%,112.1,0,116,4.33,1.22,10,
José A. FerrerNo new player Notes SEA - P,,FA,44,486,337,4%,39.2,3,34,2.95,1.36,0,
Jacob WaguespackNo new player Notes DET - P,,FA,9,551,339,0%,12.1,0,8,1.46,0.65,0,
Kyle LeahyPlayer Note STL - P,,Cookie Monster ,18,465,340,17%,89.1,0,75,3.73,1.41,3,
DL HallIL15No new player Notes MIL - P,,FA,24,520,341,0%,31.0,0,32,2.03,1.23,0,
Wandy PeraltaNo new player Notes SD - P,,FA,41,483,342,0%,48.1,0,31,2.23,1.28,0,
Gage JumpPlayer Note ATH - P,,Trust The Process,9,236,343,31%,48.2,0,48,3.51,1.29,3,
Brock BurkeNo new player Notes CIN - P,,FA,47,471,344,0%,44.2,1,39,3.02,1.39,0,
Joe MantiplyIL60No new player Notes TOR - P,,FA,17,1194,345,0%,17.2,0,16,2.04,1.13,0,
Alimber SantaNAPlayer Note HOU - P,,FA,10,546,346,0%,15.1,0,9,1.17,0.91,0,
JT BrubakerPlayer Note SF - P,,FA,30,543,347,0%,47.0,1,33,2.87,1.13,0,
Trevor RichardsPlayer Note CWS - P,,FA,24,573,348,0%,35.1,0,35,3.31,1.02,0,
Matthew BoydPlayer Note CHC - P ,,Ranger danger,9,331,349,69%,46.0,0,47,4.5,1.28,2,
José FerminNo new player Notes LAA - P,,FA,26,537,350,0%,28.0,0,30,3.21,1.25,0,
Bryce ElderPlayer Note ATL - P,,No Longer Rowdy,18,1301,351,34%,102.2,0,86,4.12,1.25,10,
Spencer ArrighettiPlayer Note HOU - P,,No Longer Rowdy,15,151,352,32%,82.0,0,81,4.5,1.33,6,
Gerrit ColePlayer Note NYY - P ,,NY Bombsquad,9,65,354,88%,49.0,0,47,4.04,1.2,4,
Cooper CriswellIL60No new player Notes SEA - P,,FA,26,549,355,0%,30.2,1,23,3.52,1.17,0,
Eduardo RiveraPlayer Note BOS - P,,FA,2,563,356,1%,7.0,0,6,0.0,0.57,0,
Mason MontgomeryPlayer Note PIT - P,,FA,38,643,357,3%,37.0,1,55,4.14,1.3,0,
Nick DavilaNo new player Notes SEA - P,,FA,17,554,358,0%,19.1,1,9,1.86,1.03,0,
William KempnerIL15Player Note MIA - P,,FA,9,556,359,0%,12.1,0,14,2.92,0.97,0,
Kyle FinneganNo new player Notes DET - P,,FA,40,432,360,6%,42.1,1,32,2.13,1.49,0,
Pete FairbanksPlayer Note MIA - P,,Joe Byron,31,149,361,68%,29.0,13,38,6.83,1.41,0,
Graham AshcraftIL60No new player Notes CIN - P,,FA,26,531,362,1%,27.0,1,32,3.33,1.22,0,
Grant AndersonNo new player Notes MIL - P,,FA,38,519,363,0%,42.1,0,32,3.61,1.16,0,
Craig YohoNo new player Notes MIL - P,,FA,9,612,364,0%,13.0,0,15,2.77,0.77,0,
Chase DollanderIL60No new player Notes COL - P,,FA,10,1461,365,4%,44.0,0,47,3.89,1.3,1,
Kris BubicIL60No new player Notes KC - P,,Cash is King,9,274,367,38%,50.1,0,51,4.11,1.23,4,
Erik MillerPlayer Note SF - P,,FA,32,493,368,1%,27.1,2,38,3.29,1.5,0,
Michael GroveNANo new player Notes TB - P,,FA,1,568,369,0%,3.0,0,4,0.0,0.33,0,
Zach ThorntonPlayer Note NYM - P,,Cookie Monster ,3,564,370,14%,17.1,0,15,2.6,0.92,2,
Ryan HelsleyIL15Player Note BAL - P,,FA,17,190,371,62%,15.1,8,21,4.11,1.43,0,
Caleb KilianPlayer Note SF - P,,FA,38,219,372,13%,38.0,8,47,4.74,1.39,0,
Hunter GaddisNo new player Notes CLE - P,,FA,36,472,373,11%,30.2,1,29,2.64,1.34,0,
Albert SuárezNo new player Notes BAL - P,,FA,16,506,374,0%,40.2,1,28,3.54,1.2,0,
Logan VanWeyNANo new player Notes HOU - P,,FA,5,601,375,0%,6.0,0,5,1.5,0.83,0,
Yovanny CruzNANo new player Notes NYY - P,,FA,3,578,376,0%,4.1,0,6,0.0,0.23,0,
Caleb ThielbarNo new player Notes CHC - P,,FA,32,452,377,2%,27.2,2,35,4.23,1.3,0,
Dean KremerPlayer Note BAL - P,,No Longer Rowdy,4,498,378,13%,22.0,0,24,4.09,1.0,2,
Victor MederosPlayer Note ATL - P,,FA,3,1173,379,0%,5.0,0,5,0.0,0.4,0,
Cade HortonIL60No new player Notes CHC - P ,,FA,2,427,380,23%,7.1,0,4,2.45,0.82,1,
Daniel DuarteNANo new player Notes NYM - P,,FA,3,586,381,0%,5.0,0,3,0.0,0.4,0,
Brad KellerPlayer Note PHI - P,,FA,32,439,382,6%,31.1,3,32,4.02,1.34,0,
Ty MaddenNANo new player Notes DET - P,,FA,7,580,383,0%,20.0,0,23,3.15,1.05,0,
Garrett ActonIL60New Player Note MIN - P,,FA,4,587,385,0%,6.2,0,9,2.7,1.05,0,
Ryan FernandezNAPlayer Note STL - P,,FA,11,1251,386,0%,13.1,0,20,2.7,1.35,0,
Miguel UllolaNANo new player Notes HOU - P,,FA,2,591,387,0%,4.0,0,7,0.0,0.5,0,
Caleb FergusonNo new player Notes CIN - P,,FA,19,518,389,0%,18.2,1,17,2.41,1.39,0,
Enmanuel De JesúsNANo new player Notes DET - P,,FA,22,567,390,0%,31.2,1,31,3.98,1.26,0,
Angel ChivilliNo new player Notes NYY - P,,FA,6,1455,391,0%,7.2,0,8,1.17,0.91,0,
Emilio PagánNo new player Notes CIN - P,,Cash is King,18,287,392,66%,16.1,7,16,6.06,1.41,0,
Riley MartinIL15No new player Notes CHC - P,,FA,8,592,394,0%,8.1,0,10,2.16,0.84,0,
Tyler DavisNAPlayer Note CWS - P,,FA,24,574,396,0%,26.1,1,22,4.1,1.22,0,
Franco AlemanNo new player Notes CLE - P,,FA,7,597,397,0%,8.0,0,5,1.13,0.88,0,
James KarinchakNAPlayer Note ATL - P,,FA,9,595,398,0%,9.2,0,8,1.86,0.93,0,
Dustin MayPlayer Note STL - P,,No Longer Rowdy,18,252,399,31%,93.0,0,89,4.55,1.26,9,
MacKenzie GorePlayer Note TEX - P,,No Longer Rowdy,20,191,401,80%,105.0,0,115,4.63,1.29,6,
Enyel De Los SantosNo new player Notes HOU - P,,FA,41,547,402,2%,43.2,5,40,4.33,1.15,0,
Ryan YarbroughNo new player Notes NYY - P,,FA,24,545,403,0%,37.0,2,27,4.14,1.22,0,
Chad DallasNAPlayer Note TOR - P,,FA,2,600,404,0%,4.2,0,3,1.93,1.07,0,
Connor BrogdonNANo new player Notes CLE - P,,FA,15,650,405,0%,15.1,1,14,5.28,1.11,0,
Nick PivettaIL60Player Note SD - P,,Cookie Monster ,4,222,406,72%,16.0,0,24,4.5,1.13,0,
Dietrich EnnsNANo new player Notes BAL - P,,FA,13,575,408,0%,16.0,0,13,3.94,1.5,0,
Owen MurphyNew Player Note ATL - P,,FA,2,609,409,1%,4.0,0,4,2.25,0.25,0,
JoJo RomeroNo new player Notes STL - P,,FA,44,464,410,13%,43.0,0,43,3.35,1.3,0,
Emmet SheehanPlayer Note LAD - P,,Stealth Bomber,17,134,411,78%,82.1,0,93,4.81,1.24,5,
Tommy NancePlayer Note MIN - P,,FA,33,507,412,0%,34.0,0,36,3.97,1.29,0,
Vince VelasquezNANo new player Notes CHC - P,,FA,2,618,414,0%,3.1,0,1,0.0,0.3,0,
Tim HillPlayer Note NYY - P,,FA,43,513,415,1%,36.0,0,17,4.5,1.11,0,
Tim HerrinIL15Player Note CLE - P,,FA,41,584,416,1%,32.1,0,27,3.06,1.3,0,
Jake EderNAPlayer Note LAD - P,,FA,4,652,417,0%,4.0,0,1,2.25,1.0,0,
Carson WhisenhuntNAPlayer Note SF - P,,FA,2,630,418,1%,10.2,0,6,3.38,1.41,0,
Ty BlachNANo new player Notes CHC - P,,FA,1,693,419,0%,3.0,0,2,0.0,0.33,0,
Sam HentgesNo new player Notes SF - P,,FA,23,593,420,0%,17.2,0,21,2.04,1.58,0,
Carl Edwards Jr.NANo new player Notes DET - P,,FA,2,617,421,0%,6.0,0,11,1.5,1.17,0,
Gabriel HughesPlayer Note COL - P,,FA,2,608,423,1%,9.0,1,8,3.0,1.0,1,
Yuki MatsuiNo new player Notes SD - P,,FA,25,581,424,0%,33.0,0,35,2.73,1.33,0,
Greg WeissertNo new player Notes BOS - P,,FA,39,478,425,0%,37.2,0,35,3.82,1.19,0,
Blade TidwellNANo new player Notes SF - P,,FA,8,1256,426,0%,12.0,1,10,3.0,1.08,0,
Jared JonesVideo ForecastNew Player Note PIT - P,,The Eds,8,582,427,33%,35.0,0,39,4.37,1.14,1,
Garrett StallingsNAPlayer Note MIL - P,,FA,2,623,428,0%,3.0,0,4,0.0,0.67,0,
Dax FultonPlayer Note MIA - P,,FA,3,624,430,0%,7.0,0,6,2.57,0.86,0,
Brock StewartNo new player Notes LAD - P,,FA,10,550,432,0%,9.2,0,10,2.79,1.03,0,
Mason FluhartyNo new player Notes TOR - P,,FA,50,534,433,1%,37.2,1,45,4.54,1.49,0,
Pierce JohnsonNo new player Notes CIN - P,,FA,31,517,434,0%,27.2,1,25,4.23,1.3,0,
Julian GarciaNo new player Notes CIN - P,,FA,7,626,436,0%,10.1,0,11,3.48,0.97,0,
Zebby MatthewsPlayer Note MIN - P,,Ranger danger,11,253,437,18%,67.0,0,54,4.57,1.22,7,
Yacksel RíosNANo new player Notes CHC - P,,FA,1,640,438,0%,1.2,0,2,0.0,0.0,0,
Framber ValdezNAPlayer Note DET - P,,No Longer Rowdy,19,183,439,90%,107.2,0,87,4.1,1.32,10,
Eddy YeanNAPlayer Note WSH - P,,FA,1,641,440,0%,2.0,0,3,0.0,0.5,0,
Josh EknessIL60No new player Notes MIA - P,,FA,6,633,441,0%,5.1,1,5,1.69,1.31,0,
Eiberson CastellanoNANo new player Notes COL - P,,FA,1,638,442,0%,3.0,1,2,0.0,1.33,0,
Matt FestaNo new player Notes CLE - P,,FA,40,529,443,0%,38.1,1,38,3.99,1.36,0,
Lazaro EstradaNANo new player Notes TOR - P,,FA,2,725,444,0%,6.1,0,3,2.84,0.79,0,
Cole WinnNo new player Notes TEX - P,,FA,36,510,445,0%,33.1,1,33,5.94,1.32,0,
Yerry De los SantosNANo new player Notes NYY - P,,FA,5,724,446,0%,8.2,0,7,1.04,1.38,0,
Hoby MilnerIL15No new player Notes CHC - P,,FA,38,590,447,0%,35.2,1,18,3.53,1.21,0,
Ben PeoplesNo new player Notes TEX - P,,FA,3,647,448,0%,4.0,0,3,2.25,0.75,0,
Tyler HoltonNo new player Notes DET - P,,FA,40,477,449,8%,42.0,0,35,3.21,1.33,0,
Logan AllenNANo new player Notes CLE - P,,FA,1,1306,450,0%,4.0,0,7,0.0,1.5,0,
Jonathan PintaroNANew Player Note NYM - P,,FA,5,689,451,0%,12.1,0,12,5.11,0.73,0,
Drew RomNAPlayer Note MIL - P,,FA,5,631,452,0%,5.2,0,11,3.18,1.76,0,
Dylan SmithNo new player Notes SF - P,,FA,14,577,454,0%,12.2,1,13,3.55,1.18,0,
Kyle HurtNAPlayer Note LAD - P,,FA,32,598,455,0%,31.1,1,38,4.88,1.4,0,
Jimmy HergetNo new player Notes COL - P,,FA,25,522,456,2%,25.0,3,26,3.6,1.36,0,
Tanner AndrewsNANo new player Notes TOR - P,,FA,2,657,457,0%,3.0,0,1,0.0,1.0,0,
Adam MackoNo new player Notes TOR - P,,FA,18,621,458,0%,18.2,0,19,4.34,1.39,0,
Stephen KolekNANo new player Notes KC - P,,No Longer Rowdy,10,255,460,8%,54.0,0,34,4.5,1.24,5,
Grant WolframNo new player Notes BAL - P,,FA,35,1164,462,0%,28.1,0,32,4.76,1.27,0,
Brooks KriskeIL60No new player Notes ATH - P,,FA,2,1312,463,0%,2.2,0,2,0.0,1.13,0,
Andrew NardiIL60No new player Notes MIA - P,,FA,25,611,464,0%,22.2,0,27,5.16,1.41,0,
Anthony BandaIL15Player Note MIN - P,,FA,39,524,465,0%,34.1,2,33,4.46,1.34,0,
Jalen BeeksIL15No new player Notes TEX - P,,FA,29,536,466,0%,26.0,0,21,3.81,1.38,0,
Trevor RogersPlayer Note BAL - P,,Fightin Farmers,17,215,467,74%,90.1,0,69,4.48,1.31,7,
Tom CosgrovePlayer Note WSH - P,,FA,2,690,468,0%,2.0,0,2,0.0,1.0,0,
Anthony NunezNo new player Notes BAL - P,,FA,34,605,469,0%,37.1,3,41,5.06,1.29,0,
Lucas ErcegNo new player Notes KC - P,,FA,38,364,470,17%,37.0,12,27,5.11,1.62,0,
Kai-Wei TengIL15No new player Notes HOU - P,,No Longer Rowdy,23,1189,471,2%,64.0,0,63,4.36,1.36,2,
Easton McGeeNAPlayer Note KC - P,,FA,2,1176,472,0%,2.0,0,1,0.0,1.0,0,
Chase PettyPlayer Note CIN - P,,FA,11,1336,474,0%,24.2,1,11,4.38,1.09,0,
Welinton HerreraIL60No new player Notes COL - P,,FA,3,678,475,0%,2.1,0,2,0.0,1.29,0,
Hunter BrownPlayer Note HOU - P ,,Joe Byron,7,69,476,96%,35.1,0,39,3.57,1.39,3,
Anthony KayNew Player Note CWS - P,,FA,19,629,477,10%,89.1,0,71,4.23,1.38,3,
Alek JacobNAPlayer Note SD - P,,FA,3,1227,478,0%,5.0,0,6,5.4,1.4,0,
Nate PearsonNo new player Notes HOU - P,,FA,16,1332,479,0%,20.0,1,16,3.6,1.4,0,
Casey LeguminaNo new player Notes TB - P,,FA,31,1197,480,0%,39.1,0,28,3.89,1.3,0,
Mark Leiter Jr.No new player Notes ATH - P,,FA,35,614,481,0%,32.2,4,36,4.41,1.29,0,
Joel PegueroIL60No new player Notes SF - P,,FA,11,572,482,0%,11.1,0,5,2.38,1.24,0,
Sam BachmanNo new player Notes LAA - P,,FA,35,717,485,1%,41.1,1,42,4.14,1.28,0,
Cole SandsIL15Player Note MIN - P,,FA,12,561,486,1%,11.2,1,11,4.63,1.37,0,
Orlando RibaltaNo new player Notes WSH - P,,FA,30,1331,487,0%,27.2,2,23,3.9,1.23,0,
Gavin CollyerNo new player Notes TEX - P,,FA,22,648,488,0%,22.0,0,21,3.68,1.36,0,
Calvin FaucherNo new player Notes MIA - P,,FA,40,496,489,1%,39.2,1,40,4.31,1.54,0,
Spencer StriderIL60No new player Notes ATL - P,,Tm Mndlsn nd Mtchn,8,344,490,56%,39.0,0,46,5.31,1.36,2,
Cody PonceIL60No new player Notes TOR - P,,FA,1,694,491,3%,2.1,0,3,3.86,0.86,0,
Patrick SandovalPlayer Note BOS - P,,FA,1,1146,492,5%,4.1,0,5,2.08,1.38,0,
Randy DobnakPlayer Note KC - P,,FA,2,656,493,0%,9.2,0,4,1.86,1.34,0,
Brian FitzpatrickIL60No new player Notes MIL - P,,FA,5,685,494,0%,6.2,0,5,1.35,1.5,0,
Guillo ZuñigaNAPlayer Note NYM - P,,FA,1,702,495,0%,1.0,0,1,0.0,1.0,0,
Cameron WestonNAPlayer Note BAL - P,,FA,1,699,496,0%,1.0,0,1,0.0,1.0,0,
Jeff CriswellPlayer Note COL - P,,FA,2,688,497,0%,2.0,0,2,0.0,1.5,0,
Hunter DobbinsNAPlayer Note STL - P,,FA,5,627,498,1%,22.1,1,23,4.03,1.39,0,
Julian FernándezNANo new player Notes WSH - P,,FA,3,661,499,0%,4.0,0,3,2.25,1.25,0,
Zach PopNANo new player Notes MIA - P,,FA,7,1328,500,0%,7.1,0,6,3.68,1.09,0,
Sam MollNo new player Notes CIN - P,,FA,44,683,501,0%,38.2,1,43,4.19,1.32,0,
Duncan DavittNANo new player Notes CWS - P,,FA,1,703,502,0%,1.0,0,0,0.0,1.0,0,
Tyler PhillipsPlayer Note MIA - P,,Joey Spierer's Team,25,542,504,6%,75.0,2,56,3.48,1.39,2,
Jhony BritoNAPlayer Note SD - P,,FA,2,708,505,0%,4.1,0,3,4.15,0.92,0,
Zach EflinIL60No new player Notes BAL - P,,FA,1,1311,506,2%,3.2,0,7,2.45,1.64,0,
Jonah TongNANo new player Notes NYM - P,,FA,3,1250,507,3%,10.0,0,7,3.6,1.5,0,
Spencer BivensNAPlayer Note SF - P,,FA,2,676,509,0%,2.0,0,3,0.0,2.0,0,
Kendry RojasPlayer Note MIN - P,,FA,7,669,510,0%,18.1,0,21,2.95,1.64,0,
Steven CruzPlayer Note KC - P,,FA,29,583,511,0%,31.1,0,40,4.88,1.34,0,
Mason BarnettNo new player Notes ATH - P,,FA,13,1262,512,1%,21.1,2,21,4.64,1.36,0,
Kervin CastroNANo new player Notes NYY - P,,FA,1,716,513,0%,2.0,0,2,4.5,1.0,0,
Zack KellyNA7Player Note BOS - P,,FA,17,1143,514,0%,16.1,0,14,3.31,1.29,0,
Andrew KittredgePlayer Note BAL - P,,Joe Byron,29,491,515,5%,25.0,3,23,4.32,1.28,0,
Jack AndersonNAPlayer Note MIN - P,,FA,3,711,516,0%,8.0,0,6,3.38,1.25,0,
Reiver SanmartinNANo new player Notes SF - P,,FA,2,700,517,0%,3.1,0,4,8.1,1.5,0,
Josh WalkerNANo new player Notes BAL - P,,FA,5,1207,520,0%,6.0,0,7,4.5,1.17,0,
Tomoyuki SuganoIL15No new player Notes COL - P,,FA,16,1265,521,3%,84.1,0,48,4.8,1.32,4,
Jose CuasNAPlayer Note KC - P,,FA,5,1160,522,0%,6.1,0,9,2.84,1.58,0,
Paul GervaseNAPlayer Note LAD - P,,FA,4,1188,523,0%,7.2,0,8,2.35,1.57,0,
Brett KerryNANo new player Notes LAA - P,,FA,1,1139,524,0%,4.0,0,2,4.5,1.0,0,
Marco RayaIL15Player Note MIN - P,,FA,3,726,525,0%,6.0,0,4,3.0,1.33,0,
Taylor RashiNANo new player Notes MIN - P,,FA,3,1145,526,0%,3.2,0,4,9.82,1.09,0,
Jose EspadaNANo new player Notes BAL - P,,FA,1,675,527,0%,1.0,0,0,0.0,2.0,0,
Gavin HollowellNo new player Notes CHC - P,,FA,8,1199,528,0%,9.2,0,9,2.79,1.45,0,
Blas CastañoIL15No new player Notes COL - P,,FA,10,1170,529,0%,20.2,0,17,3.92,1.35,0,
Luis MedinaNo new player Notes ATH - P,,FA,31,679,530,0%,42.2,0,51,3.59,1.45,0,
Cody LawerysonNAPlayer Note MIN - P,,FA,15,615,531,0%,16.2,1,18,4.86,1.38,0,
Tyler ZuberNo new player Notes MIA - P,,FA,14,1340,532,0%,12.0,1,12,3.75,1.42,0,
Tyler UberstineNANo new player Notes BOS - P,,FA,1,1155,533,0%,2.2,0,2,3.38,1.5,0,
Joey GerberNANo new player Notes NYM - P,,FA,7,687,534,0%,8.1,0,8,4.32,1.2,0,
Chase ShugartPlayer Note PHI - P,,FA,26,571,535,0%,29.0,0,34,4.97,1.34,0,
Zach BrzykcyNAPlayer Note MIA - P,,FA,1,1420,536,0%,2.0,0,2,4.5,1.5,0,
Burch SmithIL60No new player Notes DET - P,,FA,13,1138,537,0%,17.0,0,20,3.18,1.47,0,
Alec GamboaNAPlayer Note BOS - P,,FA,4,1158,538,0%,5.0,0,4,3.6,1.4,0,
Chris MurphyNo new player Notes CWS - P,,FA,21,588,539,0%,21.2,1,21,4.57,1.52,0,
Justin SternerNo new player Notes ATH - P,,FA,45,526,540,2%,42.1,1,40,4.89,1.25,0,
Tyler SamaniegoNANo new player Notes BOS - P,,FA,20,729,541,0%,20.1,0,17,2.66,1.48,0,
Doug NikhazyNANo new player Notes CHC - P,,FA,1,1283,542,0%,2.0,0,1,4.5,1.5,0,
Woo-Suk GoPlayer Note MIN - P,,FA,2,1175,543,0%,2.0,0,1,4.5,1.5,0,
Tayler SaucedoNAPlayer Note LAA - P,,FA,6,1309,544,0%,3.1,0,6,5.4,1.5,0,
Xzavion CurryPlayer Note NYM - P,,FA,2,1216,545,0%,1.1,0,1,6.75,1.5,0,
John SchreiberNo new player Notes KC - P,,FA,40,594,546,0%,36.1,1,28,3.47,1.32,0,
Evan PhillipsPlayer Note LAD - P,,FA,3,634,547,2%,3.0,0,4,6.0,1.33,0,
Beck WayNo new player Notes KC - P,,FA,16,723,548,0%,19.2,0,17,3.2,1.58,0,
Andrew AlvarezPlayer Note WSH - P,,FA,13,596,549,4%,49.0,1,53,4.04,1.45,0,
Camilo DovalNo new player Notes NYY - P,,FA,40,528,550,3%,35.1,1,35,5.09,1.39,0,
Juan BurgosNANo new player Notes AZ - P,,FA,1,1273,551,0%,1.1,0,0,6.75,1.5,0,
Shawn ArmstrongNo new player Notes CLE - P,,FA,34,445,552,2%,29.2,0,28,4.55,1.38,0,
Tyler SchweitzerPlayer Note CWS - P,,FA,6,1168,553,0%,10.0,1,4,3.6,1.4,0,
Danny YoungPlayer Note ATL - P,,FA,5,1182,554,0%,4.0,0,4,4.5,1.5,0,
Joe BoyleNANo new player Notes TB - P,,FA,3,1294,555,1%,15.2,0,16,5.17,1.09,1,
Luke LittleNANo new player Notes CHC - P,,FA,1,1205,556,0%,1.0,0,1,9.0,2.0,0,
Joe La SorsaNANo new player Notes BOS - P,,FA,1,1325,557,0%,0.1,0,1,27.0,3.0,0,
JP SearsPlayer Note SD - P,,FA,4,1290,558,3%,19.2,0,17,5.03,1.42,0,
Jordan LeasureIL60No new player Notes CWS - P,,FA,18,557,559,0%,18.2,0,18,6.27,1.23,0,
Robert GarciaIL60No new player Notes TEX - P,,FA,9,544,560,4%,8.0,0,6,3.38,1.5,0,
Cade GibsonNo new player Notes MIA - P,,FA,18,560,562,0%,24.0,0,23,5.25,1.33,0,
Carter BaumlerIL60No new player Notes TEX - P,,FA,4,1193,564,0%,5.2,0,6,3.18,1.76,0,
David SandlinNANo new player Notes CWS - P,,FA,4,1141,566,1%,19.1,0,20,6.05,1.29,2,
Daniel EspinoNANo new player Notes CLE - P,,FA,5,1192,567,0%,5.0,0,9,5.4,1.6,0,
Chayce McDermottNANo new player Notes LAD - P,,FA,2,1428,568,0%,2.1,0,1,7.71,1.29,0,
Janson JunkPlayer Note MIA - P,,Detroit Fastballs,12,619,570,4%,65.0,0,48,4.57,1.31,2,
John KleinNANo new player Notes MIN - P,,FA,3,1204,572,0%,4.1,0,2,4.15,1.62,0,
Hunter GreenePlayer Note CIN - P,,Stealth Bomber,2,393,573,80%,10.1,0,19,6.97,1.45,1,
Bryse WilsonPlayer Note MIL - P,,FA,5,1510,574,0%,13.2,0,12,4.61,1.24,0,
Gregory SantosNAPlayer Note SF - P,,FA,3,1270,575,0%,5.0,0,1,3.6,1.6,0,
Winston SantosNANo new player Notes TEX - P,,FA,1,1212,577,0%,2.0,0,1,9.0,1.5,0,
Brenan HanifeeNANo new player Notes DET - P,,FA,14,671,579,0%,13.2,0,6,3.29,1.39,0,
Will VestIL15Player Note DET - P,,FA,27,460,580,3%,26.2,2,27,6.08,1.43,0,
Carlos RodriguezIL15No new player Notes MIL - P,,FA,4,1308,581,0%,9.1,0,8,3.86,1.5,0,
Mick AbelIL60Player Note MIN - P,,FA,4,363,582,7%,20.1,0,23,3.98,1.57,2,
Hunter StrattonNAPlayer Note PIT - P,,FA,3,1260,583,0%,3.1,0,3,5.4,1.8,0,
Mason EnglertNAPlayer Note TB - P,,FA,13,1179,584,0%,30.2,1,28,3.82,1.37,0,
Luis GastelumPlayer Note STL - P,,FA,3,1215,585,0%,2.2,0,3,6.75,1.88,0,
Tony SantillanIL15No new player Notes CIN - P,,FA,34,508,586,5%,31.0,5,28,5.23,1.39,0,
Kyle HartNo new player Notes SD - P,,FA,23,1236,587,0%,33.2,0,28,5.08,1.04,0,
Anthony MolinaNANo new player Notes ATL - P,,FA,3,1475,588,0%,5.0,0,2,5.4,1.4,0,
Bruce ZimmermannNAPlayer Note STL - P,,FA,1,1274,589,0%,5.0,0,2,5.4,1.4,0,
Max RajcicIL60Player Note STL - P,,FA,6,1211,590,0%,9.0,0,8,5.0,1.33,0,
Kody FunderburkNo new player Notes MIN - P,,FA,26,1161,591,0%,24.1,1,16,4.07,1.44,0,
Hunter HarveyIL60No new player Notes CHC - P,,FA,4,635,592,0%,4.0,0,4,6.75,1.5,0,
Brandon EisertPlayer Note PIT - P,,FA,27,1239,593,0%,28.2,0,32,5.65,1.29,0,
Matt PushardNANo new player Notes MIA - P,,FA,6,1218,595,0%,7.0,0,6,5.14,1.43,0,
Alan RangelPlayer Note PHI - P,,FA,5,1200,596,0%,19.1,0,22,4.19,1.4,0,
Chris DevenskiIL60No new player Notes PIT - P,,FA,3,1149,597,0%,2.1,0,3,7.71,2.14,0,
Geoff HartliebNANo new player Notes ATH - P,,FA,4,1381,599,0%,8.2,0,3,5.19,1.62,0,
Kade StrowdNANo new player Notes AZ - P,,FA,1,681,600,0%,1.0,0,1,9.00,4.00,0,
Nick RaquetNAPlayer Note BAL - P,,FA,4,1210,601,0%,3.2,0,1,7.36,1.36,0,
Brycen MautzNANo new player Notes STL - P,,FA,1,1226,602,0%,3.0,0,2,6.00,2.00,0,
Jake BirdNo new player Notes NYY - P,,FA,35,1355,604,0%,30.0,0,30,4.50,1.37,0,
Nolan HoffmanNANo new player Notes PHI - P,,FA,3,1293,605,0%,4.2,0,2,3.86,1.93,0,
Nick MearsIL60Player Note KC - P,,FA,21,565,606,0%,19.1,0,15,5.12,1.50,0,
Tyler FergusonNo new player Notes CHC - P,,FA,10,1196,608,0%,9.2,0,13,7.45,1.03,0,
Drey JamesonNo new player Notes AZ - P,,FA,10,1240,609,0%,15.1,0,11,4.11,1.37,0,
Chase SoleskyNANo new player Notes TB - P,,FA,1,1235,610,0%,3.0,0,4,6.00,2.33,0,
Edwin DíazIL60Player Note LAD - P,,Joey Spierer's Team,7,360,611,83%,6.0,4,10,10.50,2.33,0,
Jack FlahertyPlayer Note DET - P,,No Longer Rowdy,18,644,612,60%,82.1,0,98,4.48,1.41,2,
Ryan FeltnerPlayer Note COL - P,,FA,13,1330,613,4%,63.1,0,47,4.55,1.29,5,
Osvaldo BidoNANo new player Notes CWS - P,,FA,11,1496,614,0%,18.2,1,11,6.27,1.34,0,
Carson PalmquistPlayer Note WSH - P,,FA,5,1530,615,0%,9.1,0,11,5.79,1.39,0,
Joey EstesNANo new player Notes ATH - P,,FA,1,1409,616,0%,4.1,0,4,8.31,1.38,0,
Zack LittellPlayer Note WSH - P,,Cash is King,19,525,617,6%,90.0,0,57,4.90,1.31,1,
Sammy PeraltaNANo new player Notes LAA - P,,FA,2,1370,618,0%,2.2,0,4,10.13,1.88,0,
Jonathan CannonNANo new player Notes CWS - P,,FA,1,1498,619,0%,0.0,0,0,-,-,0,
Lucas SimsNANo new player Notes CWS - P,,FA,9,1453,621,0%,10.0,0,10,4.50,1.60,0,
Max LazarPlayer Note PHI - P,,FA,5,1319,623,0%,6.1,0,4,7.11,1.26,0,
Brandon PfaadtPlayer Note AZ - P,,Cookie Monster ,16,1407,624,10%,53.2,0,41,4.70,1.32,1,
Richard LoveladyIL15Player Note WSH - P,,FA,33,1296,625,1%,30.1,4,27,3.86,1.81,0,
Robby SnellingIL60No new player Notes MIA - P,,FA,1,1253,626,2%,5.0,0,2,5.40,1.80,0,
Ryne StanekPlayer Note STL - P,,FA,41,1316,627,2%,36.2,1,40,4.66,1.50,0,
Josh SimpsonNANo new player Notes SEA - P,,FA,4,1417,628,0%,3.0,0,3,9.0,2.0,0,
Chase LeeNANo new player Notes TOR - P,,FA,3,696,630,0%,3.1,0,1,8.1,1.8,0,
Cade PovichNANo new player Notes BAL - P,,FA,4,1505,631,0%,19.1,0,12,5.12,1.34,1,
Trevor MartinNANo new player Notes TB - P,,FA,6,1252,632,0%,11.1,0,7,3.97,1.59,0,
Landon KnackPlayer Note LAD - P,,FA,1,1276,634,0%,3.0,0,2,9.0,2.0,0,
Andrew AbbottPlayer Note CIN - P,,Detroit Fastballs,20,170,635,65%,105.0,0,84,4.11,1.42,7,
Wilber DotelIL15Player Note PIT - P,,FA,9,1241,636,0%,18.1,0,19,5.89,1.36,0,
Hayden JuengerNANo new player Notes ATH - P,,FA,2,1275,637,0%,2.0,0,0,13.5,2.0,0,
Matt GageIL15Player Note SF - P,,FA,34,1267,639,0%,27.1,1,22,5.6,1.65,0,
David MorganIL15Player Note SD - P,,FA,18,666,640,0%,22.0,0,26,4.5,1.77,0,
Mitch BrattPlayer Note AZ - P,,FA,2,1272,641,2%,6.0,0,3,6.0,1.67,0,
Shane BazPlayer Note BAL - P,,No Longer Rowdy,19,288,643,54%,111.2,0,99,4.19,1.39,7,
Cole RagansIL60Player Note KC - P ,,FA,8,607,644,52%,35.1,0,45,4.84,1.42,3,
Drew SommersNo new player Notes DET - P,,FA,17,1367,645,0%,10.0,0,15,5.4,1.7,0,
Connor ThomasNAPlayer Note ATL - P,,FA,1,1433,646,0%,3.2,0,2,9.82,1.64,0,
Jordan HicksNo new player Notes CWS - P,,FA,28,1537,647,0%,25.2,1,30,3.86,1.6,0,
Bennett SousaIL60Player Note HOU - P,,FA,5,552,649,0%,3.1,0,4,8.1,2.4,0,
Domingo GonzálezNANo new player Notes SEA - P,,FA,5,1282,651,0%,7.2,0,5,4.7,1.83,0,
Joel KuhnelIL15No new player Notes MIL - P,,FA,35,1219,652,1%,35.1,6,22,4.84,1.47,0,
Sam AldegheriNAPlayer Note LAA - P,,FA,9,1416,653,0%,33.2,0,22,5.08,1.43,0,
Robby AhlstromNo new player Notes TEX - P,,FA,17,1245,654,0%,14.0,0,8,7.07,1.71,0,
Sean ManaeaPlayer Note NYM - P,,FA,20,373,655,15%,75.0,0,74,4.56,1.32,2,
Erick FeddePlayer Note CWS - P,,FA,19,1562,656,3%,89.0,0,60,4.15,1.42,1,
Wyatt MillsNANo new player Notes LAD - P,,FA,5,1291,657,0%,4.1,0,4,6.23,2.31,0,
Ian HamiltonNAPlayer Note ATL - P,,FA,4,1268,659,0%,4.2,0,4,7.71,1.93,0,
Johan OviedoIL60Player Note BOS - P,,FA,1,1213,660,0%,3.2,0,3,9.82,1.91,0,
Rolddy MuñozNANo new player Notes ATL - P,,FA,1,1363,661,0%,2.0,0,3,13.5,3.0,0,
Robert GasserPlayer Note MIL - P,,Fightin Farmers,9,1244,662,15%,46.1,0,43,5.24,1.27,2,
Beau BrieskeNo new player Notes DET - P,,FA,8,1396,663,0%,9.1,0,8,6.75,1.39,0,
Kyle BackhusNAPlayer Note PHI - P,,FA,17,1334,664,0%,15.1,0,15,5.87,1.57,0,
Zach McCambleyNANo new player Notes CIN - P,,FA,4,1305,666,0%,4.1,0,4,6.23,2.54,0,
Mason BlackNANo new player Notes KC - P,,FA,12,1338,667,0%,17.2,0,15,3.57,1.7,0,
Aaron BrooksNA60No new player Notes TB - P,,FA,1,1323,668,0%,0.1,0,0,81.0,9.0,0,
Michael RuckerNo new player Notes SEA - P,,FA,12,1299,669,0%,12.2,0,13,5.68,1.5,0,
Joe RockNANo new player Notes CWS - P,,FA,4,1271,670,0%,10.1,0,12,3.48,2.13,0,
Luis SeverinoIL60No new player Notes ATH - P,,FA,12,1364,671,6%,62.2,0,65,4.16,1.47,3,
John BrebbiaNAPlayer Note COL - P,,FA,3,1458,672,0%,4.1,0,2,10.38,1.62,0,
Garrett CrochetIL60Player Note BOS - P ,,Stealth Bomber,6,138,673,95%,30.0,0,37,6.3,1.47,3,
Seth JohnsonNAPlayer Note PHI - P,,FA,11,1284,674,0%,11.1,0,14,7.15,1.68,0,
Taylor RogersNo new player Notes MIN - P,,FA,40,1159,675,1%,33.2,2,30,5.61,1.63,0,
Bryan AbreuNo new player Notes HOU - P,,FA,34,374,676,18%,31.0,5,40,5.81,1.68,0,
Craig KimbrelNo new player Notes TB - P,,FA,27,1230,677,0%,28.0,0,26,4.82,1.32,0,
Justin BruihlPlayer Note STL - P,,FA,42,1374,679,0%,46.2,0,32,3.66,1.37,0,
Ken WaldichukIL60No new player Notes WSH - P,,FA,5,1310,681,0%,9.1,0,8,6.75,1.5,0,
Tristan BeckNANo new player Notes SF - P,,FA,8,1297,683,0%,10.2,1,5,6.75,1.41,0,
JR RitchiePlayer Note ATL - P,,Fightin Farmers,11,1287,685,5%,49.1,1,44,4.38,1.4,1,
Ethan RobertsIL15No new player Notes CHC - P,,FA,23,1320,686,0%,25.2,0,17,4.21,1.4,0,
Codi HeuerPlayer Note CLE - P,,FA,7,1326,687,0%,8.0,0,6,5.63,1.88,0,
Blake SnellIL60Player Note LAD - P,,The Eds,1,208,689,79%,3.0,0,5,12.0,2.67,0,
Eric LauerPlayer Note LAD - P,,Cash is King,15,535,690,15%,76.2,0,47,4.81,1.28,4,
Peyton PalletteNANo new player Notes CWS - P,,FA,16,1303,692,0%,20.2,0,22,5.23,1.6,0,
Justin SlatenNo new player Notes BOS - P,,FA,26,1165,693,1%,22.1,0,31,5.64,1.57,0,
Mitch FarrisNo new player Notes LAA - P,,FA,19,1401,694,0%,40.1,0,40,3.79,1.49,0,
Shaun AndersonNANo new player Notes LAA - P,,FA,9,1445,695,0%,16.2,0,12,5.94,1.5,0,
J.P. FranceNANo new player Notes HOU - P,,FA,3,1315,696,0%,6.2,0,4,8.1,1.65,0,
Austin WarrenIL15Player Note NYM - P,,FA,26,1214,697,0%,35.0,0,37,4.63,1.49,0,
Antwone KellyPlayer Note PIT - P,,FA,2,1333,699,0%,4.1,0,1,10.38,1.85,0,
Lyon RichardsonNANo new player Notes MIL - P,,FA,2,1442,700,0%,1.2,0,3,27.0,2.4,0,
Jake IrvinIL15Player Note WSH - P,,FA,11,1576,701,1%,51.2,0,58,5.23,1.35,0,
Christian RoaNANo new player Notes HOU - P,,FA,7,1318,702,0%,8.2,0,6,5.19,1.96,0,
Trevor McDonaldPlayer Note SF - P,,W (Jul 16),13,1208,703,10%,66.1,0,54,5.02,1.3,5,
Edward CabreraIL15Player Note CHC - P,,FA,14,176,704,42%,72.1,0,65,5.1,1.4,4,
Jonathan HeasleyIL60No new player Notes TB - P,,FA,1,1356,705,0%,4.0,0,2,11.25,2.0,0,
Corbin MartinNANo new player Notes CHC - P,,FA,7,1392,706,0%,5.0,1,4,10.8,2.0,0,
Jordan RomanoPlayer Note COL - P,,FA,15,1444,707,5%,11.2,6,17,7.71,2.14,0,
Josh FlemingNAPlayer Note CHC - P,,FA,1,1351,708,0%,3.0,0,1,12.0,2.67,0,
Joel PayampsNANo new player Notes ATL - P,,FA,12,1434,709,0%,7.2,0,9,8.22,1.7,0,
Germán MárquezPlayer Note SD - P,,Trust The Process,9,1655,710,3%,41.2,0,28,5.18,1.49,0,
Ben CaspariusIL60No new player Notes LAD - P,,FA,5,1258,711,0%,4.2,0,4,9.64,2.14,0,
Philip AbnerPlayer Note AZ - P,,FA,4,1365,712,0%,7.1,0,4,8.59,1.5,0,
Andrew WantzNANo new player Notes CHC - P,,FA,1,1347,713,0%,1.2,0,1,27.0,2.4,0,
Luis GilNA7No new player Notes NYY - P,,FA,4,1220,714,3%,19.1,0,9,6.05,1.34,1,
Ryne NelsonIL60No new player Notes AZ - P,,FA,15,392,715,30%,83.1,0,62,4.97,1.24,6,
Mike ParedesNo new player Notes MIN - P,,FA,7,1337,716,0%,29.1,0,15,4.6,1.3,0,
José SuarezPlayer Note ATH - P,,FA,31,1237,717,0%,50.1,1,55,4.29,1.51,0,
Travis AdamsNo new player Notes MIN - P,,FA,18,1479,718,0%,24.2,2,32,6.2,1.54,0,
Colin ReaPlayer Note CHC - P,,Fightin Farmers,19,714,719,9%,94.2,1,70,4.75,1.45,2,
Victor VodnikNo new player Notes COL - P,,FA,26,642,720,1%,28.1,4,22,5.72,1.76,0,
Brent SuterNo new player Notes LAA - P,,FA,35,1398,722,0%,52.1,0,46,4.64,1.34,0,
Will DionNANo new player Notes CLE - P,,FA,6,1343,723,0%,11.1,0,13,5.56,1.85,0,
TJ ShookNAPlayer Note COL - P,,FA,4,1349,725,0%,5.2,0,6,9.53,1.94,0,
Yunior MarteNANo new player Notes CIN - P,,FA,1,1379,726,0%,0.1,0,1,108.0,12.0,0,
Isaac MattsonNo new player Notes PIT - P,,FA,32,680,727,0%,30.2,0,26,4.4,1.43,0,
Justin VerlanderIL60Video ForecastPlayer Note DET - P,,No Longer Rowdy,1,1435,728,3%,3.2,0,1,12.27,2.18,0,
Ryan BoruckiNANo new player Notes SF - P,,FA,21,1376,729,0%,23.2,0,15,4.94,1.52,0,
Luis MeyNANo new player Notes CIN - P,,FA,7,1348,730,0%,8.2,0,14,7.27,1.96,0,
Yaramil HiraldoNAPlayer Note BAL - P,,FA,3,1385,731,0%,1.2,0,2,21.6,4.2,0,
Brandon LeibrandtNANo new player Notes CIN - P,,FA,1,1369,732,0%,6.0,0,3,7.5,2.17,0,
Freddy PeraltaPlayer Note NYM - P,,Rafael Devers,20,135,734,88%,104.1,0,104,4.66,1.44,4,
Angel ZerpaIL60No new player Notes MIL - P,,FA,12,1350,736,0%,12.2,2,8,6.39,1.74,0,
Cole WilcoxNo new player Notes SEA - P,,FA,14,1415,737,0%,17.0,0,16,4.24,1.82,0,
Jose CorniellNANo new player Notes TEX - P,,FA,1,1405,738,0%,3.1,0,3,13.5,2.7,0,
Scott BarlowNANo new player Notes KC - P,,FA,36,1277,739,0%,33.1,2,29,6.48,1.35,0,
Coleman CrowNAPlayer Note MIL - P,,FA,5,1366,740,0%,18.2,0,10,5.3,1.45,0,
Ryan WatsonNo new player Notes BOS - P,,FA,30,1357,741,0%,48.2,1,38,4.62,1.32,0,
Danny CoulombeNAPlayer Note BOS - P,,FA,29,727,743,0%,22.0,0,10,4.5,1.5,0,
Connor PrielippIL15Player Note MIN - P,,Detroit Fastballs,13,1359,744,5%,66.2,0,71,5.0,1.37,3,
Brendan BeckNANo new player Notes NYY - P,,FA,2,1375,745,0%,6.2,0,4,9.45,1.8,0,
Kumar RockerPlayer Note TEX - P,,FA,18,1489,747,11%,90.0,0,80,4.4,1.37,4,
Tatsuya ImaiPlayer Note HOU - P,,Joe Byron,13,262,749,34%,52.0,0,63,6.06,1.5,4,
Valente BellozoNANo new player Notes COL - P,,FA,3,1480,750,0%,10.2,0,8,7.59,1.59,0,
Josh WhiteNANo new player Notes MIA - P,,FA,1,1389,751,0%,0.2,0,1,67.5,7.5,0,
Jedixson PaezNANo new player Notes BOS - P,,FA,3,1390,752,0%,3.0,0,0,18.0,2.33,0,
Jose CabreraNAPlayer Note AZ - P,,FA,4,1383,753,0%,17.2,0,12,5.6,1.53,0,
Cole SulserNo new player Notes TB - P,,FA,36,1238,754,0%,40.2,2,43,5.53,1.43,0,
Carlos CarrascoNAPlayer Note ATL - P,,FA,8,1546,755,0%,16.2,0,7,5.94,1.44,0,
Luis CurveloNANo new player Notes TEX - P,,FA,8,1427,756,0%,8.1,0,4,7.56,1.92,0,
Noah CameronPlayer Note KC - P,,Joey Spierer's Team,18,193,757,24%,95.2,0,91,4.89,1.42,5,
Mitch KellerPlayer Note PIT - P,,FA,19,230,759,27%,103.1,0,77,5.14,1.33,9,
Eric CerantolaNANew Player Note SF - P,,FA,4,1399,760,0%,5.1,0,7,10.13,2.63,0,
Noah SchultzPlayer Note CWS - P,,FA,11,1377,761,11%,53.0,0,47,5.6,1.36,2,
Ryan GustoPlayer Note MIA - P,,FA,9,1524,762,0%,26.1,0,23,5.13,1.48,0,
Nick LodoloIL15Player Note CIN - P ,,Stealth Bomber,12,158,764,66%,62.2,0,50,4.6,1.47,3,
Jaden HillIL15No new player Notes COL - P,,FA,32,1360,766,0%,26.2,2,28,5.06,1.65,0,
José UrquidyNANo new player Notes PIT - P,,FA,5,1421,767,0%,6.1,1,6,8.53,2.68,0,
Hunter BiggeNANo new player Notes TB - P,,FA,18,1353,769,0%,19.1,0,14,6.98,1.45,0,
Elmer RodríguezNANo new player Notes NYY - P,,FA,4,1400,770,2%,17.0,0,10,4.76,1.76,0,
Eli MorganPlayer Note KC - P,,FA,15,1460,771,0%,18.1,1,16,5.4,1.75,0,
José ButtóIL60No new player Notes SF - P,,FA,3,1344,772,0%,2.0,0,5,22.5,5.0,0,
Brandon SproatPlayer Note MIL - P,,NY Bombsquad,18,1423,773,20%,82.0,0,87,5.16,1.37,3,
Cody BoltonNANo new player Notes HOU - P,,FA,8,1422,774,0%,20.0,1,22,5.4,1.75,0,
Cionel PérezPlayer Note NYM - P,,FA,31,1521,776,0%,36.0,0,32,5.75,1.56,0,
Wilkin RamosNANo new player Notes SF - P,,FA,2,1412,777,0%,2.0,0,1,22.5,4.5,0,
Dennis SantanaNo new player Notes PIT - P,,FA,42,282,778,40%,40.1,2,37,5.8,1.46,0,
Drew PomeranzNo new player Notes CHC - P,,FA,29,705,779,1%,27.2,0,17,5.53,1.59,0,
Jameson TaillonIL15New Player Note CHC - P,,FA,13,548,780,8%,67.2,0,59,5.19,1.3,4,
Alex LangePlayer Note KC - P,,FA,37,249,781,19%,38.0,8,37,5.92,1.53,0,
Juan MejiaPlayer Note COL - P,,FA,38,1327,782,0%,42.1,4,44,5.74,1.56,0,
Andrew HoffmannNA7No new player Notes AZ - P,,FA,8,1454,785,0%,11.2,0,12,7.71,2.06,0,
Brady BassoNANo new player Notes ATH - P,,FA,4,1419,786,0%,4.1,0,2,12.46,2.77,0,
Zak KentNANo new player Notes WSH - P,,FA,10,1431,789,0%,14.1,0,11,6.28,1.74,0,
Connor SeaboldIL15No new player Notes KC - P,,FA,21,1438,791,0%,24.0,0,20,5.25,1.71,0,
Joey LucchesiNANo new player Notes LAA - P,,FA,5,1432,792,0%,3.1,0,4,13.5,3.9,0,
Cam SandersNAPlayer Note BAL - P,,FA,9,1464,793,0%,9.1,0,13,8.68,2.04,0,
Kyle NicolasNANo new player Notes WSH - P,,FA,7,1457,794,0%,7.1,0,7,8.59,2.86,0,
Tommy KahnleNANew Player Note BOS - P,,FA,8,1413,795,0%,9.0,0,5,8.0,2.0,0,
Matt KrookNAPlayer Note WSH - P,,FA,8,1439,797,0%,6.1,0,7,11.37,2.21,0,
Yariel RodriguezNA7No new player Notes TOR - P,,FA,10,1255,798,0%,9.1,0,6,7.71,2.04,0,
Luis CastilloPlayer Note SEA - P,,The Eds,18,387,799,67%,87.2,0,81,4.93,1.37,3,
Randy VásquezIL15No new player Notes SD - P,,FA,17,1467,800,13%,84.0,0,60,4.71,1.5,4,
Slade CecconiPlayer Note CLE - P,,FA,19,1414,801,9%,99.0,0,77,4.55,1.41,5,
Carlos EstévezIL60No new player Notes KC - P,,FA,1,475,802,36%,0.1,0,0,162.0,18.0,0,
Alek ManoahNANo new player Notes LAA - P,,FA,3,1429,803,0%,7.1,0,5,9.82,2.18,0,
Alex HoppeNANo new player Notes SEA - P,,FA,21,1425,804,0%,24.0,0,26,6.38,1.46,0,
Tyler GilbertIL15No new player Notes CWS - P,,FA,4,1368,806,0%,3.2,0,3,17.18,3.0,0,
Jared ShusterNAPlayer Note STL - P,,FA,5,1520,808,0%,9.0,0,4,9.0,1.89,0,
Keegan ThompsonNANo new player Notes COL - P,,FA,5,1426,809,0%,12.0,0,11,8.25,1.75,0,
Roddery MuñozNANo new player Notes HOU - P,,FA,3,1508,810,0%,4.0,0,6,15.75,3.25,0,
Ron MarinaccioNo new player Notes SD - P,,FA,32,1380,811,0%,46.0,0,37,4.89,1.46,0,
Seth HalvorsenIL15No new player Notes COL - P,,FA,21,1449,812,0%,19.0,0,17,4.74,1.95,0,
Nick SandlinNANo new player Notes DET - P,,FA,8,1386,815,0%,8.2,0,6,11.42,1.62,0,
Jose FrancoNANo new player Notes CIN - P,,FA,9,1440,818,0%,16.2,0,13,5.4,1.92,0,
Aaron BummerNANo new player Notes CHC - P,,FA,19,1391,820,0%,15.1,0,13,7.63,1.83,0,
Jared KoenigNo new player Notes MIL - P,,FA,9,697,821,1%,7.0,0,7,9.0,2.71,0,
Roki SasakiPlayer Note LAD - P,,FA,16,330,822,33%,81.0,0,80,5.33,1.36,4,
Cole HenryNAPlayer Note WSH - P,,FA,11,1473,823,0%,13.2,0,15,7.9,1.76,0,
Carson SeymourNANo new player Notes SF - P,,FA,2,1483,824,0%,4.1,0,2,14.54,3.0,0,
Matt SeelingerNAPlayer Note NYM - P,,FA,1,1447,825,0%,2.0,0,2,31.5,4.5,0,
Brandan BidoisNANo new player Notes PIT - P,,FA,15,1441,826,0%,15.2,0,20,6.32,1.98,0,
Jackson RutledgeNANo new player Notes PHI - P,,FA,1,1541,827,0%,1.1,0,2,47.25,6.0,0,
Keegan AkinIL60New Player Note BAL - P,,FA,24,1279,829,0%,25.1,0,17,5.68,1.5,0,
José AlvaradoNo new player Notes PHI - P,,FA,39,1261,830,1%,33.0,1,47,6.82,1.73,0,
George KlassenNANo new player Notes LAA - P,,FA,2,1451,831,0%,4.2,0,6,11.57,3.64,0,
Eric OrzeNAPlayer Note MIN - P,,FA,36,1404,835,0%,41.1,1,36,5.66,1.52,0,
Connor PhillipsNANo new player Notes CIN - P,,FA,25,1233,836,0%,27.2,1,28,5.53,1.77,0,
Paxton SchultzNANo new player Notes WSH - P,,FA,25,1463,837,0%,30.2,1,31,5.87,1.63,0,
Hunter BarcoNA7No new player Notes PIT - P,,FA,5,1430,838,0%,11.2,0,8,7.71,1.97,0,
Brandon WilliamsonIL60No new player Notes CIN - P,,FA,6,1443,839,0%,28.0,0,19,6.11,1.64,1,
Jordan WicksNANo new player Notes CHC - P,,FA,4,1500,840,0%,10.1,2,8,10.45,1.94,0,
Braxton GarrettNAPlayer Note MIA - P,,FA,2,1456,841,1%,4.1,0,5,14.54,3.46,0,
Matt StrahmNo new player Notes KC - P,,FA,35,654,843,8%,31.1,0,25,7.18,1.5,0,
Charlie BarnesNAPlayer Note LAD - P,,FA,4,1462,844,0%,12.0,0,4,7.5,1.92,0,
Mitchell ParkerIL60No new player Notes WSH - P,,FA,22,1604,845,0%,39.2,1,34,6.58,1.49,0,
Gus VarlandNANo new player Notes WSH - P,,FA,32,1436,847,1%,31.2,6,30,6.25,1.77,0,
Kolby AllardNANo new player Notes PHI - P,,FA,4,1388,849,0%,8.2,0,9,10.38,2.19,0,
Yilber DíazNANo new player Notes DET - P,,FA,1,1485,851,0%,0.2,0,0,94.5,12.0,0,
Matthew LiberatorePlayer Note STL - P,,FA,19,356,852,8%,93.2,0,88,5.0,1.48,4,
Luinder AvilaPlayer Note KC - P,,FA,18,1382,853,3%,56.2,0,50,5.08,1.62,0,
Hurston WaldrepNAPlayer Note ATL - P,,Ranger danger,3,1313,854,3%,10.2,0,9,8.44,2.16,0,
Steven MatzIL15Player Note TB - P,,FA,15,1266,856,4%,53.0,0,41,6.28,1.4,3,
Jose QuintanaIL60Player Note COL - P,,FA,9,1384,857,0%,41.0,0,20,5.27,1.51,1,
Riley CornelioNo new player Notes WSH - P,,FA,6,1466,860,0%,12.2,0,12,7.82,2.05,0,
Jack LeiterIL15No new player Notes TEX - P,,FA,15,1410,862,15%,80.0,0,83,5.29,1.44,2,
Walker BuehlerPlayer Note SD - P,,Joey Spierer's Team,19,1571,864,13%,89.0,0,81,5.36,1.44,3,
Yusei KikuchiIL60Player Note LAA - P,,FA,7,368,865,8%,31.0,0,33,5.81,1.58,1,
Lucas GiolitoIL15No new player Notes SD - P,,FA,7,342,867,2%,29.2,0,18,5.16,1.85,0,
Seth LugoPlayer Note KC - P,,Rafael Devers,19,256,869,26%,104.2,0,86,4.56,1.43,10,
Joe RossNANo new player Notes TEX - P,,FA,8,1534,870,0%,11.2,0,7,9.26,1.89,0,
Shane SmithNAPlayer Note CWS - P,,FA,3,1342,871,4%,8.1,0,11,10.8,2.52,0,
Chris MartinIL15Player Note TEX - P,,FA,16,1393,873,0%,14.0,0,9,9.0,1.93,0,
Bubba ChandlerPlayer Note PIT - P ,,Joe Byron,19,159,875,57%,94.1,0,85,4.77,1.45,2,
Andre GranilloNAPlayer Note DET - P,,FA,8,1492,878,0%,9.1,0,3,9.64,2.25,0,
Zach MaxwellNANo new player Notes CIN - P,,FA,10,1490,881,0%,10.0,1,9,9.9,2.4,0,
Lou Trivino IIIIL15Player Note PHI - P,,FA,5,1482,882,0%,6.0,0,7,15.0,2.83,0,
Brady SingerPlayer Note CIN - P,,Stealth Bomber,18,384,884,16%,89.2,0,76,4.72,1.47,5,
Cameron FosterNA7No new player Notes BAL - P,,FA,6,1488,886,0%,9.0,0,9,9.0,2.78,0,
Rhett LowderPlayer Note CIN - P,,FA,16,383,887,4%,69.2,0,59,4.91,1.54,3,
Jason AlexanderNA7Player Note HOU - P,,FA,4,1523,889,0%,18.1,0,14,9.33,1.58,1,
Phil MatonPlayer Note CHC - P,,FA,30,1206,890,1%,26.2,0,31,6.08,1.76,0,
Michael KellyNAPlayer Note ATH - P,,FA,5,1437,892,0%,5.0,0,6,16.2,3.6,0,
Patrick CorbinNo new player Notes TOR - P,,FA,17,375,893,2%,76.1,1,59,5.07,1.48,1,
Jonathan HernándezNANo new player Notes LAD - P,,FA,12,1506,894,0%,17.2,0,15,8.15,1.75,0,
Lance McCullers Jr.IL15New Player Note MIL - P,,FA,8,1592,895,4%,39.1,0,43,6.86,1.53,2,
Chris RoycroftPlayer Note TB - P,,FA,10,1554,896,0%,11.1,0,11,9.53,2.29,0,
Adrian HouserNo new player Notes SF - P,,FA,18,1459,902,1%,80.0,0,55,4.95,1.4,2,
Luis GarcíaNANo new player Notes MIN - P,,FA,15,1502,904,0%,15.0,2,6,9.0,1.93,0,
Matt WaldronPlayer Note SD - P,,FA,7,1531,905,0%,26.1,0,25,7.52,1.63,0,
Ryan JohnsonPlayer Note LAA - P,,FA,9,1539,906,2%,33.1,0,25,6.75,1.5,1,
Chris BassittIL15No new player Notes BAL - P,,FA,12,1465,909,6%,56.1,0,37,5.27,1.63,2,
Colton GordonNANew Player Note MIL - P,,FA,4,1553,911,0%,9.1,0,11,11.57,2.57,0,
Jack PerkinsPlayer Note ATH - P,,FA,24,320,914,4%,57.2,3,72,6.87,1.44,0,
Austin VothNANo new player Notes TEX - P,,FA,3,1513,915,0%,10.0,0,3,9.9,2.5,0,
Jake WoodfordNANew Player Note CHC - P,,FA,17,1585,921,0%,25.1,1,23,7.46,1.82,0,
Ricky VanascoNANo new player Notes DET - P,,FA,5,1518,922,0%,6.1,0,4,15.63,3.16,0,
Matt SvansonPlayer Note STL - P,,FA,36,1223,924,1%,39.2,0,40,6.58,1.64,0,
Tyler MahlePlayer Note SF - P,,FA,15,389,926,5%,78.0,0,73,5.31,1.46,2,
Grayson RodriguezPlayer Note LAA - P,,Tm Mndlsn nd Mtchn,7,1501,927,7%,31.0,0,24,7.55,1.74,0,
Shane BieberPlayer Note TOR - P,,FA,4,1452,929,38%,17.2,0,13,7.64,2.04,0,
Merrill KellyPlayer Note AZ - P,,Rafael Devers,16,376,933,36%,93.2,0,59,5.38,1.51,7,
Justin TopaNAPlayer Note KC - P,,FA,23,1538,934,0%,19.0,2,12,8.05,2.0,0,
Kade MorrisNAPlayer Note ATH - P,,FA,3,1529,935,0%,10.0,0,6,11.7,2.5,0,
Tobias MyersNAPlayer Note NYM - P,,FA,26,1522,936,0%,46.0,1,33,6.26,1.39,0,
Ryan WalkerNAPlayer Note SF - P,,FA,27,1378,948,25%,26.1,3,19,7.52,1.82,0,
Aaron CivalePlayer Note ATH - P,,FA,16,1560,949,4%,74.2,0,58,5.42,1.62,1,
Jayden MurrayNANo new player Notes CHC - P,,FA,10,1532,951,0%,16.1,0,14,9.37,2.08,0,
Aaron NolaPlayer Note PHI - P,,Rafael Devers,19,388,958,47%,97.0,0,102,5.75,1.43,5,
Brendon LittleNANo new player Notes TOR - P,,FA,6,1499,960,0%,4.2,0,7,27.0,3.86,0,
Miles MikolasSUSPPlayer Note WSH - P,,FA,20,1618,964,1%,94.1,0,50,5.53,1.33,0,
Cristian JavierPlayer Note HOU - P,,Trust The Process,6,1555,971,4%,15.1,0,12,9.98,2.28,0,
Max ScherzerIL15Player Note TOR - P,,FA,6,1577,977,3%,22.0,0,14,10.23,1.73,2,
Luis MoralesNANo new player Notes ATH - P,,FA,3,1526,982,0%,9.1,0,7,14.46,3.11,0,
Bailey FalterNANo new player Notes KC - P,,FA,5,1588,989,0%,9.2,0,6,13.97,3.1,0,
Tanner BanksIL15Player Note PHI - P,,FA,28,1471,992,0%,29.0,0,32,7.14,2.0,0,
Ryan WeissNANo new player Notes HOU - P,,FA,9,1572,999,0%,26.0,0,30,7.62,2.12,0,
Taijuan WalkerNANo new player Notes PHI - P,,FA,5,1615,1001,0%,22.2,0,17,9.13,2.07,0,
Trey GibsonNANo new player Notes BAL - P,,FA,8,1578,1006,0%,33.0,0,30,7.36,1.91,0,
Sean SullivanNAPlayer Note COL - P,,FA,5,1579,1007,0%,22.1,0,16,8.87,2.01,0,
Griffin CanningPlayer Note SD - P,,FA,13,1581,1011,1%,55.2,0,55,6.47,1.6,1,
Tanner GordonPlayer Note COL - P,,FA,12,1659,1015,0%,50.1,0,47,6.44,1.61,0,
Justin LawrenceNo new player Notes WSH - P,,FA,37,1557,1016,0%,34.1,1,43,7.34,1.95,0,
Jeffrey SpringsPlayer Note ATH - P,,FA,19,1565,1023,12%,97.2,0,84,6.08,1.42,4,
Brayan BelloVideo ForecastPlayer Note BOS - P,,FA,13,1533,1025,4%,65.1,0,49,6.06,1.59,1,
Jack KochanowiczIL60No new player Notes LAA - P,,FA,13,1885,1026,1%,64.0,0,47,6.19,1.58,5,
Zach AgnosNo new player Notes COL - P,,FA,25,1641,1037,0%,58.1,2,38,6.48,1.54,0,
Jacob LopezPlayer Note ATH - P,,FA,14,1573,1040,1%,55.1,0,43,6.83,1.79,0,
Mike BurrowsIL15Player Note HOU - P,,FA,18,359,1055,8%,94.2,0,75,5.99,1.55,4,
Mitch SpenceNANo new player Notes KC - P,,FA,3,1667,1059,0%,9.1,0,6,21.21,3.0,0,
Kodai SengaPlayer Note NYM - P,,FA,11,400,1070,9%,39.1,0,47,8.69,1.75,1,
David PetersonPlayer Note CHC - P,,FA,19,303,1072,10%,82.1,1,70,6.45,1.64,0,
Chris PaddackNAPlayer Note TEX - P,,FA,14,1745,1101,0%,57.0,0,40,6.79,1.67,1,
S. Woods RichardsonNANo new player Notes TOR - P,,FA,15,1633,1103,0%,57.2,0,31,6.40,1.75,1,
Andrew PainterNANo new player Notes PHI - P,,FA,14,340,1133,6%,65.0,0,53,7.06,1.66,2,
Zac GallenIL15Player Note AZ - P,,Rafael Devers,19,184,1168,32%,98.0,0,61,6.34,1.56,3,
Kyle FreelandPlayer Note COL - P,,FA,17,2501,1243,2%,88.0,0,79,7.36,1.57,2,
M. Lorenzen (Pitcher)Player Note COL - P,,Detroit Fastballs,21,1857,1295,3%,97.0,0,73,6.22,1.77,2,
Elvin RodríguezNANo new player Notes BAL - P,,FA,-,1373,1928,0%,-,-,-,-,-,-,
Alexis DíazNANo new player Notes TEX - P,,FA,-,1248,1929,0%,-,-,-,-,-,-,
Randy RodríguezIL60No new player Notes SF - P,,FA,-,481,1930,1%,-,-,-,-,-,-,
Steven WilsonIL60Player Note TB - P,,FA,-,660,1931,0%,-,-,-,-,-,-,
James McArthurIL60No new player Notes KC - P,,FA,-,704,1932,0%,-,-,-,-,-,-,
Ronny HenriquezIL60No new player Notes MIA - P,,FA,-,453,1933,1%,-,-,-,-,-,-,
Josh WinckowskiNA60No new player Notes TOR - P,,FA,-,1180,1934,0%,-,-,-,-,-,-,
Félix BautistaIL60Player Note BAL - P,,Tm Mndlsn nd Mtchn,-,511,1935,3%,-,-,-,-,-,-,
Spencer SchwellenbachIL60No new player Notes ATL - P,,Joe Byron,-,448,1936,22%,-,-,-,-,-,-,
AJ Smith-ShawverIL60Player Note ATL - P,,Joey Spierer's Team,-,710,1937,14%,-,-,-,-,-,-,
Wikelman GonzálezNANo new player Notes CWS - P,,FA,-,636,1938,0%,-,-,-,-,-,-,
Brandon WalterIL60No new player Notes HOU - P,,FA,-,570,1939,0%,-,-,-,-,-,-,
David RobertsonNANo new player Notes PHI - P,,FA,-,628,1940,0%,-,-,-,-,-,-,
Tanner McDougalNAPlayer Note CWS - P,,FA,-,905,1941,0%,-,-,-,-,-,-,
Jackson JobeIL60Player Note DET - P,,Stealth Bomber,-,1198,1942,6%,-,-,-,-,-,-,
Tzu-Chen ShaNANo new player Notes ATH - P,,FA,-,1006,1943,0%,-,-,-,-,-,-,
Reese OlsonIL60No new player Notes DET - P,,FA,-,562,1944,1%,-,-,-,-,-,-,
Frank MozzicatoNANo new player Notes KC - P,,FA,-,790,1945,0%,-,-,-,-,-,-,
Ben KudrnaNA60No new player Notes KC - P,,FA,-,841,1946,0%,-,-,-,-,-,-,
Alec MarshIL60No new player Notes KC - P,,FA,-,713,1947,0%,-,-,-,-,-,-,
Noah MurdockNAPlayer Note PIT - P,,FA,-,1474,1948,0%,-,-,-,-,-,-,
Ky BushIL60No new player Notes CWS - P,,FA,-,1177,1949,0%,-,-,-,-,-,-,
Maddux BrunsNANo new player Notes LAD - P,,FA,-,962,1950,0%,-,-,-,-,-,-,
Ben ShieldsNANo new player Notes COL - P,,FA,-,993,1951,0%,-,-,-,-,-,-,
Jamie ArnoldNANo new player Notes ATH - P,,FA,-,1097,1952,1%,-,-,-,-,-,-,
Seth HernandezNANo new player Notes PIT - P,,Joe Byron,-,809,1953,4%,-,-,-,-,-,-,
Allan WinansNANo new player Notes NYY - P,,FA,-,1295,1954,0%,-,-,-,-,-,-,
Kade AndersonNANo new player Notes SEA - P,,Joe Byron,-,862,1955,15%,-,-,-,-,-,-,
Kyson WitherspoonNANo new player Notes BOS - P,,FA,-,950,1956,1%,-,-,-,-,-,-,
Kruz SchoolcraftNANo new player Notes SD - P,,FA,-,955,1957,0%,-,-,-,-,-,-,
Liam DoyleNANo new player Notes STL - P,,FA,-,1084,1958,2%,-,-,-,-,-,-,
Tyler BremnerNANo new player Notes LAA - P,,FA,-,793,1959,1%,-,-,-,-,-,-,
Dom HamelNANo new player Notes NYY - P,,FA,-,1156,1960,0%,-,-,-,-,-,-,
Hayden WesneskiIL60Player Note HOU - P,,FA,-,670,1961,0%,-,-,-,-,-,-,
Brock SelvidgeNANo new player Notes NYY - P,,FA,-,1096,1962,0%,-,-,-,-,-,-,
JB MiddletonNANo new player Notes COL - P,,FA,-,1011,1963,0%,-,-,-,-,-,-,
Grant HolmanNAPlayer Note PHI - P,,FA,-,1147,1964,0%,-,-,-,-,-,-,
Patrick ForbesNANo new player Notes AZ - P,,FA,-,919,1965,0%,-,-,-,-,-,-,
Riley QuickNANo new player Notes MIN - P,,FA,-,832,1966,0%,-,-,-,-,-,-,
Aaron WatsonNANo new player Notes CIN - P,,FA,-,973,1967,0%,-,-,-,-,-,-,
Anthony SolometoNANo new player Notes PIT - P,,FA,-,791,1968,0%,-,-,-,-,-,-,
Zachary RootNANo new player Notes LAD - P,,FA,-,742,1969,0%,-,-,-,-,-,-,
Matthew FisherNANo new player Notes PHI - P,,FA,-,863,1970,0%,-,-,-,-,-,-,
Landon HarmonNANo new player Notes WSH - P,,FA,-,860,1971,0%,-,-,-,-,-,-,
AJ RussellNANo new player Notes TEX - P,,FA,-,1123,1972,0%,-,-,-,-,-,-,
Victor LizarragaNANo new player Notes SD - P,,FA,-,909,1973,0%,-,-,-,-,-,-,
Briggs McKenzieNANo new player Notes ATL - P,,FA,-,1046,1974,0%,-,-,-,-,-,-,
Johnny SlawinskiNANo new player Notes LAA - P,,FA,-,965,1975,0%,-,-,-,-,-,-,
Evan ReifertNANo new player Notes TB - P,,FA,-,916,1976,0%,-,-,-,-,-,-,
Michael MoralesNANo new player Notes SEA - P,,FA,-,848,1977,0%,-,-,-,-,-,-,
Marcus PhillipsNANo new player Notes BOS - P,,FA,-,1025,1978,0%,-,-,-,-,-,-,
J.D. ThompsonNANo new player Notes MIL - P,,FA,-,779,1979,0%,-,-,-,-,-,-,
Chase ShoresNANo new player Notes LAA - P,,FA,-,998,1980,0%,-,-,-,-,-,-,
Dean LivingstonNANo new player Notes AZ - P,,FA,-,766,1981,0%,-,-,-,-,-,-,
Cam LeiterNANo new player Notes LAD - P,,FA,-,883,1982,0%,-,-,-,-,-,-,
Ian BedellNANo new player Notes STL - P,,FA,-,995,1983,0%,-,-,-,-,-,-,
Kaleb WingNANo new player Notes CHC - P,,FA,-,880,1984,0%,-,-,-,-,-,-,
Miguel Sime Jr.NANo new player Notes WSH - P,,FA,-,1032,1985,0%,-,-,-,-,-,-,
Talon HaleyNANo new player Notes LAA - P,,FA,-,888,1986,0%,-,-,-,-,-,-,
Ben JacobsNANo new player Notes DET - P,,FA,-,1057,1987,0%,-,-,-,-,-,-,
Gunnar HoglundIL60No new player Notes ATH - P,,FA,-,1345,1988,0%,-,-,-,-,-,-,
Justin LamkinNANo new player Notes KC - P,,FA,-,966,1989,0%,-,-,-,-,-,-,
Pico KohnNANo new player Notes NYY - P,,FA,-,996,1990,0%,-,-,-,-,-,-,
Ricky TiedemannNA7No new player Notes TOR - P,,FA,-,1060,1991,1%,-,-,-,-,-,-,
Tanner FranklinNANo new player Notes STL - P,,FA,-,927,1992,0%,-,-,-,-,-,-,
Michael LombardiNANo new player Notes KC - P,,FA,-,825,1993,0%,-,-,-,-,-,-,
Nate SneadNANo new player Notes LAA - P,,FA,-,1000,1994,0%,-,-,-,-,-,-,
Mason MorrisNANo new player Notes CIN - P,,FA,-,918,1995,0%,-,-,-,-,-,-,
Micah BucknamNANo new player Notes TOR - P,,FA,-,951,1996,0%,-,-,-,-,-,-,
Ronel BlancoIL60Player Note HOU - P,,NY Bombsquad,-,576,1997,2%,-,-,-,-,-,-,
Riley KellyNANo new player Notes COL - P,,FA,-,887,1998,0%,-,-,-,-,-,-,
Justin HagenmanIL60Player Note NYM - P,,FA,-,715,1999,0%,-,-,-,-,-,-,
Malachi WitherspoonNANo new player Notes DET - P,,FA,-,974,2000,0%,-,-,-,-,-,-,
Anthony EyansonNANo new player Notes BOS - P,,FA,-,953,2001,1%,-,-,-,-,-,-,
Andrew SaalfrankIL60No new player Notes AZ - P,,FA,-,555,2002,0%,-,-,-,-,-,-,
Matt BarrNANo new player Notes MIN - P,,FA,-,896,2003,0%,-,-,-,-,-,-,
Will HynesNANo new player Notes CLE - P,,FA,-,986,2004,0%,-,-,-,-,-,-,
Anthony MaldonadoNANo new player Notes HOU - P,,FA,-,1298,2005,0%,-,-,-,-,-,-,
Griffin HugusNANo new player Notes SEA - P,,FA,-,1106,2006,0%,-,-,-,-,-,-,
Luis GuerreroNANo new player Notes TB - P,,FA,-,1185,2007,0%,-,-,-,-,-,-,
Gage WoodNANo new player Notes PHI - P,,FA,-,1026,2008,1%,-,-,-,-,-,-,
Brian CurleyNANo new player Notes AZ - P,,FA,-,1102,2009,0%,-,-,-,-,-,-,
Sean YoungermanNANo new player Notes PHI - P,,FA,-,826,2010,0%,-,-,-,-,-,-,
JT QuinnNANo new player Notes BAL - P,,FA,-,914,2011,0%,-,-,-,-,-,-,
CJ GrayNANo new player Notes LAA - P,,FA,-,786,2012,0%,-,-,-,-,-,-,
Cody BowkerNANo new player Notes PHI - P,,FA,-,1058,2013,0%,-,-,-,-,-,-,
Grayson GrinsellNANo new player Notes DET - P,,FA,-,893,2014,0%,-,-,-,-,-,-,
Bryan HoeingIL60No new player Notes SD - P,,FA,-,674,2015,0%,-,-,-,-,-,-,
Zane TaylorNANo new player Notes ATH - P,,FA,-,833,2016,0%,-,-,-,-,-,-,
Luis L. OrtizNANo new player Notes CLE - P,,FA,-,1152,2017,0%,-,-,-,-,-,-,
Prelander BerroaIL60Player Note CWS - P,,FA,-,728,2018,0%,-,-,-,-,-,-,
Camden LohmanNANo new player Notes NYM - P,,FA,-,1008,2019,0%,-,-,-,-,-,-,
Yosver ZuluetaNANo new player Notes BAL - P,,FA,-,1151,2020,0%,-,-,-,-,-,-,
Alex CarrilloNAPlayer Note NYM - P,,FA,-,1242,2021,0%,-,-,-,-,-,-,
Justin MartinezIL60No new player Notes AZ - P,,FA,-,599,2022,1%,-,-,-,-,-,-,
Frank CaironeNANo new player Notes MIL - P,,FA,-,842,2023,0%,-,-,-,-,-,-,
Dominick ReidNANo new player Notes CHC - P,,FA,-,992,2024,0%,-,-,-,-,-,-,
Michael SalinaNANo new player Notes SD - P,,FA,-,985,2025,0%,-,-,-,-,-,-,
Colin SelbyIL60Player Note BAL - P,,FA,-,712,2026,0%,-,-,-,-,-,-,
Peter KussowNANo new player Notes NYM - P,,FA,-,1054,2027,0%,-,-,-,-,-,-,
Landon BeidelschiesNANo new player Notes ATL - P,,FA,-,1023,2028,0%,-,-,-,-,-,-,
Chase HamptonNANo new player Notes NYY - P,,FA,-,923,2029,0%,-,-,-,-,-,-,
Sawyer Gipson-LongNANo new player Notes DET - P,,FA,-,1329,2030,0%,-,-,-,-,-,-,
Carlos De La RosaNANo new player Notes SF - P,,FA,-,940,2031,0%,-,-,-,-,-,-,
Yunior MarteNANo new player Notes SF - P,,FA,-,1111,2032,0%,-,-,-,-,-,-,
Shelby MillerIL60No new player Notes CHC - P,,FA,-,495,2033,0%,-,-,-,-,-,-,
RJ PetitIL60No new player Notes COL - P,,FA,-,744,2034,0%,-,-,-,-,-,-,
Alex CobbNANo new player Notes DET - P,,FA,-,707,2035,0%,-,-,-,-,-,-,
Wade MileyNANo new player Notes CIN - P,,FA,-,1246,2036,0%,-,-,-,-,-,-,
McCade BrownIL60No new player Notes COL - P,,FA,-,1402,2037,0%,-,-,-,-,-,-,
Dylan RossNANo new player Notes NYM - P,,FA,-,990,2038,0%,-,-,-,-,-,-,
Yorman GómezNANo new player Notes CLE - P,,FA,-,969,2039,0%,-,-,-,-,-,-,
Miguel MendezNANo new player Notes SD - P,,FA,-,857,2040,0%,-,-,-,-,-,-,
Jake MillerNA7Player Note DET - P,,FA,-,924,2041,0%,-,-,-,-,-,-,
Leandro LopezNA7No new player Notes TEX - P,,FA,-,1119,2042,0%,-,-,-,-,-,-,
Chung-Hsiang HuangNANo new player Notes AZ - P,,FA,-,897,2043,0%,-,-,-,-,-,-,
Daury VasquezNANo new player Notes AZ - P,,FA,-,803,2044,0%,-,-,-,-,-,-,
Wei-En LinNANo new player Notes ATH - P,,FA,-,853,2045,0%,-,-,-,-,-,-,
Rayven AntonioNANo new player Notes ATL - P,,FA,-,1027,2046,0%,-,-,-,-,-,-,
Liam HendriksNANo new player Notes CHC - P,,FA,-,1232,2047,0%,-,-,-,-,-,-,
Tyler SchlafferNANo new player Notes CHC - P,,FA,-,881,2048,0%,-,-,-,-,-,-,
Mathias LaCombeNANo new player Notes CWS - P,,FA,-,1121,2049,0%,-,-,-,-,-,-,
Konner EatonNANo new player Notes COL - P,,FA,-,1050,2051,0%,-,-,-,-,-,-,
JeanPierre OrtizNANo new player Notes CIN - P,,FA,-,805,2052,0%,-,-,-,-,-,-,
Jake MillerNANo new player Notes DET - P,,FA,-,1124,2053,0%,-,-,-,-,-,-,
Lucas ElissaltNANo new player Notes DET - P,,FA,-,889,2054,0%,-,-,-,-,-,-,
Kelvis SalcedoNANo new player Notes DET - P,,FA,-,976,2055,0%,-,-,-,-,-,-,
Kendry ChourioNANo new player Notes KC - P,,FA,-,808,2056,0%,-,-,-,-,-,-,
Bryce MayerNANo new player Notes HOU - P,,FA,-,775,2057,0%,-,-,-,-,-,-,
Josh HansellNANo new player Notes KC - P,,FA,-,886,2058,0%,-,-,-,-,-,-,
Jack NeelyNA60No new player Notes CHC - P,,FA,-,1153,2059,0%,-,-,-,-,-,-,
Xavier MitchellNANo new player Notes LAA - P,,FA,-,1013,2060,0%,-,-,-,-,-,-,
Liomar MartinezNANo new player Notes MIA - P,,FA,-,827,2061,0%,-,-,-,-,-,-,
Kevin DefrankNANo new player Notes MIA - P,,FA,-,917,2062,0%,-,-,-,-,-,-,
Eliazar DishmeyNANo new player Notes MIA - P,,FA,-,1067,2063,0%,-,-,-,-,-,-,
Nate PayneNANo new player Notes MIA - P,,FA,-,1085,2064,0%,-,-,-,-,-,-,
R.J. GordonNANo new player Notes NYM - P,,FA,-,1093,2065,0%,-,-,-,-,-,-,
Ramon MarquezNANo new player Notes PHI - P,,FA,-,1037,2066,0%,-,-,-,-,-,-,
Bryan BalzerNANo new player Notes SD - P,,FA,-,961,2067,0%,-,-,-,-,-,-,
Lan-Hong SuNANo new player Notes SD - P,,FA,-,963,2068,0%,-,-,-,-,-,-,
Eric YostNANo new player Notes SD - P,,FA,-,759,2069,0%,-,-,-,-,-,-,
Yu DarvishNANo new player Notes SD - P,,FA,-,682,2070,0%,-,-,-,-,-,-,
Argenis CayamaNANo new player Notes SF - P,,FA,-,747,2071,0%,-,-,-,-,-,-,
Alberto LarocheNANo new player Notes SF - P,,FA,-,1009,2072,0%,-,-,-,-,-,-,
Keyner MartinezNANo new player Notes SF - P,,FA,-,839,2073,0%,-,-,-,-,-,-,
Luis De La TorreNANo new player Notes SF - P,,FA,-,835,2074,0%,-,-,-,-,-,-,
Josh TrentadueNANo new player Notes TEX - P,,FA,-,758,2075,0%,-,-,-,-,-,-,
Paul BonzagniNANo new player Notes TEX - P,,FA,-,1072,2076,0%,-,-,-,-,-,-,
Kolton CurtisNANo new player Notes TEX - P,,FA,-,865,2077,0%,-,-,-,-,-,-,
Dalton PenceNANo new player Notes TEX - P,,FA,-,799,2078,0%,-,-,-,-,-,-,
Leandro LopezNANo new player Notes TEX - P,,FA,-,733,2079,0%,-,-,-,-,-,-,
Gage StaniferNANo new player Notes TOR - P,,FA,-,910,2080,0%,-,-,-,-,-,-,
Yoel Tejeda Jr.NANo new player Notes WSH - P,,FA,-,1056,2081,0%,-,-,-,-,-,-,
Silvano HechavarriaNANo new player Notes TOR - P,,FA,-,1031,2082,0%,-,-,-,-,-,-,
Alexander AlbertoNANo new player Notes TB - P,,FA,-,844,2083,0%,-,-,-,-,-,-,
Erasmo RamírezNANo new player Notes COL - P,,FA,-,663,2084,0%,-,-,-,-,-,-,
Po-Chun LinNANo new player Notes SEA - P,,FA,-,928,2085,0%,-,-,-,-,-,-,
Ty AdcockNANo new player Notes SD - P,,FA,-,1148,2086,0%,-,-,-,-,-,-,
Justin WilsonNANo new player Notes BOS - P,,FA,-,637,2087,0%,-,-,-,-,-,-,
Ian MejiaNANo new player Notes ATL - P,,FA,-,944,2088,0%,-,-,-,-,-,-,
T.J. McFarlandNANo new player Notes ATH - P,,FA,-,1321,2089,0%,-,-,-,-,-,-,
Troy TaylorNANo new player Notes SEA - P,,FA,-,1314,2090,0%,-,-,-,-,-,-,
Ryan PresslyNANo new player Notes CHC - P,,FA,-,1201,2091,0%,-,-,-,-,-,-,
Ryan BrasierNANo new player Notes TEX - P,,FA,-,1187,2092,0%,-,-,-,-,-,-,
Andrew WaltersNANo new player Notes CLE - P,,FA,-,1150,2093,0%,-,-,-,-,-,-,
Alex ClemmeyNANo new player Notes WSH - P,,FA,-,1075,2094,0%,-,-,-,-,-,-,
Garrett BaumannNANo new player Notes ATL - P,,FA,-,959,2095,0%,-,-,-,-,-,-,
Hunter OwenNANo new player Notes KC - P,,FA,-,1045,2096,0%,-,-,-,-,-,-,
Kannon KempNANo new player Notes SD - P,,FA,-,1077,2097,0%,-,-,-,-,-,-,
Eriq SwanNANo new player Notes WSH - P,,FA,-,982,2098,0%,-,-,-,-,-,-,
Josh KnothNANo new player Notes MIL - P,,FA,-,771,2099,0%,-,-,-,-,-,-,
Robert StephensonIL60No new player Notes LAA - P,,FA,-,625,2100,0%,-,-,-,-,-,-,
Jon GrayNANo new player Notes TEX - P,,FA,-,1249,2101,0%,-,-,-,-,-,-,
Camden MinacciNANo new player Notes LAA - P,,FA,-,983,2102,0%,-,-,-,-,-,-,
Seth KeenerNANo new player Notes CWS - P,,FA,-,929,2103,0%,-,-,-,-,-,-,
Andrew HeaneyNANo new player Notes LAD - P,,FA,-,1469,2104,0%,-,-,-,-,-,-,
Blake WoltersNANo new player Notes KC - P,,FA,-,741,2105,0%,-,-,-,-,-,-,
Rafael MonteroNANo new player Notes NYY - P,,FA,-,1243,2106,0%,-,-,-,-,-,-,
Kyle CarrNANo new player Notes NYY - P,,FA,-,964,2107,0%,-,-,-,-,-,-,
Jack MahoneyNANo new player Notes COL - P,,FA,-,1015,2108,0%,-,-,-,-,-,-,
Quinn MathewsNANo new player Notes STL - P,,Tm Mndlsn nd Mtchn,-,837,2109,2%,-,-,-,-,-,-,
Drue HackenbergNANo new player Notes ATL - P,,FA,-,765,2110,0%,-,-,-,-,-,-,
Landen MaroudisNANo new player Notes TOR - P,,FA,-,960,2111,0%,-,-,-,-,-,-,
Luke JacksonNANo new player Notes SEA - P,,FA,-,664,2112,0%,-,-,-,-,-,-,
Lael LockhartNANo new player Notes DET - P,,FA,-,735,2113,0%,-,-,-,-,-,-,
Marcus StromanNANo new player Notes NYY - P,,FA,-,1358,2114,0%,-,-,-,-,-,-,
Carlson ReedNANo new player Notes PIT - P,,FA,-,937,2115,0%,-,-,-,-,-,-,
Alejandro RosarioNANo new player Notes WSH - P,,FA,-,1029,2116,0%,-,-,-,-,-,-,
Khristian CurtisNANo new player Notes PIT - P,,FA,-,1126,2117,0%,-,-,-,-,-,-,
Jackson BaumeisterNANo new player Notes TB - P,,FA,-,845,2118,0%,-,-,-,-,-,-,
Bishop LetsonNANo new player Notes MIL - P,,FA,-,1010,2119,0%,-,-,-,-,-,-,
Jake BlossNAPlayer Note TOR - P,,FA,-,1157,2120,0%,-,-,-,-,-,-,
Josh BostickNANo new player Notes SF - P,,FA,-,915,2121,0%,-,-,-,-,-,-,
Lebarron Johnson Jr.NANo new player Notes COL - P,,FA,-,1081,2122,0%,-,-,-,-,-,-,
Ixan HendersonNANo new player Notes STL - P,,FA,-,783,2123,0%,-,-,-,-,-,-,
Cole MillerNANo new player Notes ATH - P,,FA,-,736,2124,0%,-,-,-,-,-,-,
James EllwangerNANo new player Notes MIN - P,,FA,-,784,2125,0%,-,-,-,-,-,-,
Ty FloydNANo new player Notes CIN - P,,FA,-,1016,2126,0%,-,-,-,-,-,-,
Cade KuehlerNANo new player Notes ATL - P,,FA,-,1131,2127,0%,-,-,-,-,-,-,
Paul WilsonNANo new player Notes DET - P,,FA,-,970,2128,0%,-,-,-,-,-,-,
Joe WhitmanNANo new player Notes SF - P,,FA,-,1101,2129,0%,-,-,-,-,-,-,
Anthony DeSclafaniNANo new player Notes AZ - P,,FA,-,1202,2130,0%,-,-,-,-,-,-,
Noble MeyerNANo new player Notes MIA - P,,FA,-,901,2131,0%,-,-,-,-,-,-,
Thomas WhiteNANo new player Notes MIA - P,,Joey Spierer's Team,-,1014,2132,4%,-,-,-,-,-,-,
Charlee SotoNANo new player Notes MIN - P,,FA,-,1103,2133,0%,-,-,-,-,-,-,
Travis SykoraNANo new player Notes WSH - P,,FA,-,1001,2134,1%,-,-,-,-,-,-,
Cole SchoenwetterNANo new player Notes CIN - P,,FA,-,895,2135,0%,-,-,-,-,-,-,
Steven EchavarriaNANo new player Notes ATH - P,,FA,-,1116,2136,0%,-,-,-,-,-,-,
Alonzo TredwellNANo new player Notes HOU - P,,FA,-,778,2137,0%,-,-,-,-,-,-,
Juaron Watts-BrownNANo new player Notes BAL - P,,FA,-,941,2138,0%,-,-,-,-,-,-,
Teddy McGrawNANo new player Notes SEA - P,,FA,-,1020,2139,0%,-,-,-,-,-,-,
Levi WellsNANo new player Notes BAL - P,,FA,-,816,2140,0%,-,-,-,-,-,-,
Héctor NerisNANo new player Notes KC - P,,FA,-,1224,2141,0%,-,-,-,-,-,-,
Jaxon WigginsNANo new player Notes CHC - P,,FA,-,1059,2142,1%,-,-,-,-,-,-,
Andrew ChafinNANo new player Notes MIN - P,,FA,-,653,2143,0%,-,-,-,-,-,-,
Will SandersNANo new player Notes CHC - P,,FA,-,781,2144,0%,-,-,-,-,-,-,
Hunter StricklandNANo new player Notes LAA - P,,FA,-,646,2145,0%,-,-,-,-,-,-,
Barrett KentNANo new player Notes LAA - P,,FA,-,1048,2146,0%,-,-,-,-,-,-,
Yimi GarcíaIL60Player Note TOR - P,,FA,-,610,2147,0%,-,-,-,-,-,-,
Christian OpporNANo new player Notes CWS - P,,FA,-,999,2148,0%,-,-,-,-,-,-,
Kendall GravemanNANo new player Notes AZ - P,,FA,-,1339,2149,0%,-,-,-,-,-,-,
Chen-Wei LinNANo new player Notes STL - P,,FA,-,802,2150,0%,-,-,-,-,-,-,
Trevor HarrisonNANo new player Notes TB - P,,FA,-,884,2151,0%,-,-,-,-,-,-,
T.J. NicholsNANo new player Notes TB - P,,FA,-,977,2152,0%,-,-,-,-,-,-,
Jaden WoodsNANo new player Notes CWS - P,,FA,-,926,2153,0%,-,-,-,-,-,-,
Hiro WyattNANo new player Notes KC - P,,FA,-,812,2154,0%,-,-,-,-,-,-,
Josh GroszNANo new player Notes AZ - P,,FA,-,902,2155,0%,-,-,-,-,-,-,
Patrick ReillyNANo new player Notes BAL - P,,FA,-,1002,2156,0%,-,-,-,-,-,-,
Jaden HammNANo new player Notes DET - P,,FA,-,1110,2157,0%,-,-,-,-,-,-,
José BerríosIL60No new player Notes TOR - P,,FA,-,639,2158,1%,-,-,-,-,-,-,
Skylar HalesNANo new player Notes STL - P,,FA,-,1136,2159,0%,-,-,-,-,-,-,
Andrew SearsNANo new player Notes DET - P,,FA,-,817,2160,0%,-,-,-,-,-,-,
Miguel CastroNANo new player Notes LAA - P,,FA,-,1222,2161,0%,-,-,-,-,-,-,
Caden ScarboroughNANo new player Notes TEX - P,,FA,-,972,2162,0%,-,-,-,-,-,-,
Cade DentonNANo new player Notes COL - P,,FA,-,818,2163,0%,-,-,-,-,-,-,
José UreñaNANo new player Notes LAA - P,,FA,-,1346,2164,0%,-,-,-,-,-,-,
Jack WenningerNANo new player Notes NYM - P,,FA,-,869,2165,1%,-,-,-,-,-,-,
Brody HopkinsNANo new player Notes TB - P,,FA,-,806,2166,1%,-,-,-,-,-,-,
Blake WehuntNANo new player Notes BOS - P,,FA,-,946,2167,0%,-,-,-,-,-,-,
Lucas BraunNANo new player Notes ATL - P,,FA,-,1047,2168,0%,-,-,-,-,-,-,
Cade SmithNANo new player Notes NYY - P,,FA,-,1042,2169,0%,-,-,-,-,-,-,
Ethan PeckoNANo new player Notes HOU - P,,FA,-,846,2170,0%,-,-,-,-,-,-,
Izack TigerNANo new player Notes TEX - P,,FA,-,737,2171,0%,-,-,-,-,-,-,
Patrick CopenNANo new player Notes LAD - P,,FA,-,867,2172,0%,-,-,-,-,-,-,
Tucker MusgroveNANo new player Notes SD - P,,FA,-,738,2173,0%,-,-,-,-,-,-,
Braxton BraggNANo new player Notes BAL - P,,FA,-,1087,2174,0%,-,-,-,-,-,-,
Jackson NezuhNANo new player Notes HOU - P,,FA,-,938,2175,0%,-,-,-,-,-,-,
James HicksNANo new player Notes HOU - P,,FA,-,1128,2176,0%,-,-,-,-,-,-,
Frankie MontasNANo new player Notes NYM - P,,FA,-,1362,2177,0%,-,-,-,-,-,-,
Daysbel HernándezNAPlayer Note ATL - P,,FA,-,658,2178,0%,-,-,-,-,-,-,
Tyler AndersonNANo new player Notes LAA - P,,FA,-,1448,2179,0%,-,-,-,-,-,-,
DJ HerzIL60No new player Notes WSH - P,,FA,-,709,2180,0%,-,-,-,-,-,-,
Scott McGoughNANo new player Notes ATH - P,,FA,-,1302,2181,0%,-,-,-,-,-,-,
Bradley BlalockNANo new player Notes MIA - P,,FA,-,1584,2182,0%,-,-,-,-,-,-,
Zack ShowalterNANo new player Notes STL - P,,FA,-,787,2183,0%,-,-,-,-,-,-,
Scott AlexanderNANo new player Notes KC - P,,FA,-,1285,2184,0%,-,-,-,-,-,-,
Zach PenrodNANo new player Notes WSH - P,,FA,-,1142,2185,0%,-,-,-,-,-,-,
Jorge LópezNANo new player Notes WSH - P,,FA,-,651,2186,0%,-,-,-,-,-,-,
Kenta MaedaNANo new player Notes DET - P,,FA,-,1304,2187,0%,-,-,-,-,-,-,
Trevor WilliamsIL60New Player Note WSH - P,,FA,-,1472,2188,0%,-,-,-,-,-,-,
Joe MusgroveIL60Player Note SD - P,,FA,-,691,2189,14%,-,-,-,-,-,-,
Yoniel CuretNANo new player Notes DET - P,,FA,-,856,2190,0%,-,-,-,-,-,-,
Derek LawNA7No new player Notes AZ - P,,FA,-,662,2191,0%,-,-,-,-,-,-,
Tyler OwensNANo new player Notes DET - P,,FA,-,1174,2192,0%,-,-,-,-,-,-,
Luis De LeónNANo new player Notes BAL - P,,FA,-,1107,2193,0%,-,-,-,-,-,-,
Juan NuñezNANo new player Notes BAL - P,,FA,-,1127,2194,0%,-,-,-,-,-,-,
Alex PhamNANo new player Notes BAL - P,,FA,-,1005,2195,0%,-,-,-,-,-,-,
Angel BastardoNANo new player Notes BOS - P,,FA,-,1083,2196,0%,-,-,-,-,-,-,
Yordanny MonegroNANo new player Notes BOS - P,,FA,-,1022,2197,0%,-,-,-,-,-,-,
Chad GreenNANo new player Notes TOR - P,,FA,-,1229,2198,0%,-,-,-,-,-,-,
Mike ClevingerNANo new player Notes PIT - P,,FA,-,1264,2199,0%,-,-,-,-,-,-,
Julian AguiarNANo new player Notes CIN - P,,FA,-,1162,2200,0%,-,-,-,-,-,-,
Adam SerwinowskiNANo new player Notes LAD - P,,FA,-,1089,2201,0%,-,-,-,-,-,-,
Jackson HumphriesNANo new player Notes CLE - P,,FA,-,1062,2202,0%,-,-,-,-,-,-,
Jordy VargasNANo new player Notes COL - P,,FA,-,834,2203,0%,-,-,-,-,-,-,
Chris StrattonNANo new player Notes LAD - P,,FA,-,1403,2204,0%,-,-,-,-,-,-,
Trey DombroskiNANo new player Notes HOU - P,,FA,-,1118,2205,0%,-,-,-,-,-,-,
Jose FleuryNANo new player Notes HOU - P,,FA,-,882,2206,0%,-,-,-,-,-,-,
River RyanNA7No new player Notes LAD - P,,Stealth Bomber,-,706,2207,9%,-,-,-,-,-,-,
Payton MartinNANo new player Notes LAD - P,,FA,-,1039,2208,0%,-,-,-,-,-,-,
Hyun-Seok JangNANo new player Notes LAD - P,,FA,-,838,2209,0%,-,-,-,-,-,-,
José LeclercNA60No new player Notes SD - P,,FA,-,1225,2210,0%,-,-,-,-,-,-,
Cory LewisNANo new player Notes MIN - P,,FA,-,1052,2211,0%,-,-,-,-,-,-,
C.J. CulpepperNANo new player Notes MIN - P,,FA,-,740,2212,0%,-,-,-,-,-,-,
Henry LalaneNANo new player Notes NYY - P,,FA,-,1030,2213,0%,-,-,-,-,-,-,
Zach MessingerNANo new player Notes NYY - P,,FA,-,1051,2214,0%,-,-,-,-,-,-,
Carlos LagrangeNANo new player Notes NYY - P,,FA,-,1130,2215,5%,-,-,-,-,-,-,
Wen Hui PanNANo new player Notes PHI - P,,FA,-,875,2216,0%,-,-,-,-,-,-,
Rob ZastryznyIL15New Player Note MIL - P,,FA,-,604,2217,0%,-,-,-,-,-,-,
Isaiah LoweNANo new player Notes SD - P,,FA,-,903,2218,0%,-,-,-,-,-,-,
Hayden BirdsongIL60No new player Notes SF - P,,FA,-,1280,2219,0%,-,-,-,-,-,-,
Jeter MartinezNANo new player Notes PIT - P,,FA,-,945,2220,0%,-,-,-,-,-,-,
Jimmy JoyceNANo new player Notes SEA - P,,FA,-,1080,2221,0%,-,-,-,-,-,-,
Aidan CurryNANo new player Notes TEX - P,,FA,-,930,2222,0%,-,-,-,-,-,-,
Michael KopechNANo new player Notes LAD - P,,FA,-,677,2223,0%,-,-,-,-,-,-,
Joey WentzIL60No new player Notes ATL - P,,FA,-,1477,2224,0%,-,-,-,-,-,-,
Austin KrobNANo new player Notes SD - P,,FA,-,739,2225,0%,-,-,-,-,-,-,
Jayvien SandridgeNA7No new player Notes BAL - P,,FA,-,1195,2226,0%,-,-,-,-,-,-,
Joe JiménezIL60No new player Notes ATL - P,,FA,-,667,2227,0%,-,-,-,-,-,-,
A.J. PukIL60No new player Notes AZ - P,,FA,-,622,2228,1%,-,-,-,-,-,-,
Hayden HarrisNANo new player Notes ATL - P,,FA,-,1172,2229,0%,-,-,-,-,-,-,
Christian Zazueta Jr.NANo new player Notes LAD - P,,FA,-,1055,2230,0%,-,-,-,-,-,-,
Joel HurtadoNANo new player Notes LAA - P,,FA,-,866,2231,0%,-,-,-,-,-,-,
Humberto CruzNANo new player Notes SD - P,,FA,-,921,2232,0%,-,-,-,-,-,-,
Sauryn LaoNANo new player Notes WSH - P,,FA,-,1166,2233,0%,-,-,-,-,-,-,
Jordan MontgomeryIL60Player Note TEX - P,,No Longer Rowdy,-,1234,2234,0%,-,-,-,-,-,-,
Mason AdamsNANo new player Notes CWS - P,,FA,-,1038,2235,0%,-,-,-,-,-,-,
Cole PaplhamNANo new player Notes SD - P,,FA,-,813,2236,0%,-,-,-,-,-,-,
Alex CookNANo new player Notes TB - P,,FA,-,890,2237,0%,-,-,-,-,-,-,
Braden NettNANo new player Notes ATH - P,,FA,-,980,2238,0%,-,-,-,-,-,-,
Logan EvansIL60No new player Notes SEA - P,,FA,-,1209,2239,0%,-,-,-,-,-,-,
Chris FlexenNANo new player Notes CHC - P,,FA,-,620,2240,0%,-,-,-,-,-,-,
Harrison CohenNANo new player Notes NYY - P,,FA,-,1063,2241,0%,-,-,-,-,-,-,
Brett WichrowskiNANo new player Notes MIL - P,,FA,-,1071,2242,0%,-,-,-,-,-,-,
Tanner HouckIL60Player Note BOS - P,,FA,-,1468,2243,0%,-,-,-,-,-,-,
Jack ChoateNANo new player Notes SF - P,,FA,-,1099,2244,0%,-,-,-,-,-,-,
Joseph MontalvoNANo new player Notes DET - P,,FA,-,731,2245,0%,-,-,-,-,-,-,
Tyson GuerreroNANo new player Notes KC - P,,FA,-,760,2246,0%,-,-,-,-,-,-,
Landon SimsNANo new player Notes AZ - P,,FA,-,1028,2247,0%,-,-,-,-,-,-,
Corbin BurnesIL60Player Note AZ - P,,Cash is King,-,521,2248,17%,-,-,-,-,-,-,
Adam MaierNANo new player Notes SEA - P,,FA,-,751,2249,0%,-,-,-,-,-,-,
Clarke SchmidtIL60Player Note NYY - P,,FA,-,538,2250,2%,-,-,-,-,-,-,
Blake BurkhalterNANo new player Notes ATL - P,,FA,-,871,2251,0%,-,-,-,-,-,-,
Luis PeralesNANo new player Notes WSH - P,,FA,-,942,2252,0%,-,-,-,-,-,-,
Jackson FerrisNANo new player Notes LAD - P,,FA,-,1064,2253,0%,-,-,-,-,-,-,
Nestor CortesNANo new player Notes SD - P,,FA,-,1307,2254,0%,-,-,-,-,-,-,
Porter HodgeIL60No new player Notes CHC - P,,FA,-,1221,2255,0%,-,-,-,-,-,-,
Nazier MuléNANo new player Notes CHC - P,,FA,-,804,2256,0%,-,-,-,-,-,-,
Cade WinquestNANo new player Notes STL - P,,FA,-,907,2257,0%,-,-,-,-,-,-,
Drew GrayNANo new player Notes CHC - P,,FA,-,925,2258,0%,-,-,-,-,-,-,
Tanner RaineyNANo new player Notes DET - P,,FA,-,1322,2259,0%,-,-,-,-,-,-,
Jackson CoxNANo new player Notes COL - P,,FA,-,920,2260,0%,-,-,-,-,-,-,
Austin GomberNANo new player Notes ATL - P,,FA,-,1540,2261,0%,-,-,-,-,-,-,
Cristian MenaIL60No new player Notes AZ - P,,FA,-,645,2262,0%,-,-,-,-,-,-,
Michael KnorrNANo new player Notes HOU - P,,FA,-,989,2263,0%,-,-,-,-,-,-,
Jared KarrosNANo new player Notes LAD - P,,FA,-,952,2264,0%,-,-,-,-,-,-,
Drew SmithNANo new player Notes WSH - P,,FA,-,722,2265,0%,-,-,-,-,-,-,
Pablo LópezIL60No new player Notes MIN - P,,FA,-,503,2266,6%,-,-,-,-,-,-,
Chandler ChamplainNANo new player Notes WSH - P,,FA,-,978,2267,0%,-,-,-,-,-,-,
Caden DanaNANo new player Notes LAA - P,,FA,-,1354,2268,0%,-,-,-,-,-,-,
Ben JoyceIL60Player Note LAA - P,,FA,-,695,2269,3%,-,-,-,-,-,-,
Hagen SmithNANo new player Notes CWS - P,,FA,-,991,2270,2%,-,-,-,-,-,-,
Ryan CosteiuNANo new player Notes LAA - P,,FA,-,913,2271,0%,-,-,-,-,-,-,
Cam CaminitiNANo new player Notes ATL - P,,FA,-,1035,2272,1%,-,-,-,-,-,-,
Gavin StoneIL60No new player Notes LAD - P,,FA,-,668,2273,0%,-,-,-,-,-,-,
Ryan SloanNANo new player Notes SEA - P,,FA,-,1004,2274,3%,-,-,-,-,-,-,
Nick NastriniNANo new player Notes LAD - P,,FA,-,1203,2275,0%,-,-,-,-,-,-,
Ronan KoppNANo new player Notes LAD - P,,FA,-,906,2276,0%,-,-,-,-,-,-,
Nick FrassoNANo new player Notes LAD - P,,FA,-,762,2277,0%,-,-,-,-,-,-,
Kash MayfieldNANo new player Notes SD - P,,FA,-,854,2278,0%,-,-,-,-,-,-,
Brody BrechtNANo new player Notes COL - P,,FA,-,1076,2279,0%,-,-,-,-,-,-,
Peter HeubeckNANo new player Notes LAD - P,,FA,-,815,2280,0%,-,-,-,-,-,-,
Jonathan SantucciNANo new player Notes NYM - P,,FA,-,782,2281,0%,-,-,-,-,-,-,
Bryce CunninghamNANo new player Notes NYY - P,,FA,-,1012,2282,0%,-,-,-,-,-,-,
Joey OakieNANo new player Notes CLE - P,,FA,-,1132,2283,0%,-,-,-,-,-,-,
David ShieldsNANo new player Notes KC - P,,FA,-,859,2284,0%,-,-,-,-,-,-,
Braylon DoughtyNANo new player Notes CLE - P,,FA,-,1003,2285,0%,-,-,-,-,-,-,
Jurrangelo CijntjeNANo new player Notes STL - P,,FA,-,912,2286,1%,-,-,-,-,-,-,
Ben HessNANo new player Notes NYY - P,,FA,-,795,2287,0%,-,-,-,-,-,-,
Boston BatemanNANo new player Notes BAL - P,,FA,-,1095,2288,0%,-,-,-,-,-,-,
Dasan HillNANo new player Notes MIN - P,,FA,-,807,2289,0%,-,-,-,-,-,-,
Levi SterlingNANo new player Notes PIT - P,,FA,-,1098,2290,0%,-,-,-,-,-,-,
Carter HoltonNANo new player Notes ATL - P,,FA,-,811,2291,0%,-,-,-,-,-,-,
Brusdar GraterolIL60No new player Notes LAD - P,,FA,-,719,2292,0%,-,-,-,-,-,-,
Josh HartleNANo new player Notes CLE - P,,FA,-,1021,2293,0%,-,-,-,-,-,-,
David FestaIL60No new player Notes MIN - P,,FA,-,1228,2294,0%,-,-,-,-,-,-,
Luke HolmanNANo new player Notes CIN - P,,FA,-,1082,2295,0%,-,-,-,-,-,-,
Drew BeamNANo new player Notes KC - P,,FA,-,732,2296,0%,-,-,-,-,-,-,
Tristan SmithNANo new player Notes CIN - P,,FA,-,1068,2297,0%,-,-,-,-,-,-,
Owen HallNANo new player Notes DET - P,,FA,-,794,2298,0%,-,-,-,-,-,-,
Mike VasilIL60No new player Notes CWS - P,,FA,-,527,2299,0%,-,-,-,-,-,-,
Tyson NeighborsNANo new player Notes BAL - P,,FA,-,797,2300,0%,-,-,-,-,-,-,
Chase MobleyNANo new player Notes CLE - P,,FA,-,911,2301,0%,-,-,-,-,-,-,
Ryan ForcucciNANo new player Notes HOU - P,,FA,-,777,2302,0%,-,-,-,-,-,-,
Drew ThorpeIL60No new player Notes CWS - P,,FA,-,1154,2303,0%,-,-,-,-,-,-,
Chris CortezNANo new player Notes LAA - P,,FA,-,789,2304,0%,-,-,-,-,-,-,
Trystan VrielingNANo new player Notes SF - P,,FA,-,934,2305,0%,-,-,-,-,-,-,
Gage ZiehlNANo new player Notes BOS - P,,FA,-,994,2306,0%,-,-,-,-,-,-,
Matt AgerNANo new player Notes PIT - P,,FA,-,1100,2307,0%,-,-,-,-,-,-,
Bryce MeccageNANo new player Notes MIL - P,,FA,-,1070,2308,0%,-,-,-,-,-,-,
Juan CarelaNANo new player Notes CWS - P,,FA,-,764,2309,0%,-,-,-,-,-,-,
Richard FittsNA60No new player Notes STL - P,,FA,-,1217,2310,0%,-,-,-,-,-,-,
Cameron SullivanNANo new player Notes CLE - P,,FA,-,858,2311,0%,-,-,-,-,-,-,
Conrad CasonNANo new player Notes BOS - P,,FA,-,1092,2312,0%,-,-,-,-,-,-,
Blake LarsonNANo new player Notes CWS - P,,FA,-,922,2313,0%,-,-,-,-,-,-,
Thatcher HurdNANo new player Notes NYY - P,,FA,-,785,2314,0%,-,-,-,-,-,-,
Connor FoleyNANo new player Notes AZ - P,,FA,-,1053,2315,0%,-,-,-,-,-,-,
John MeansNA60No new player Notes KC - P,,FA,-,701,2316,0%,-,-,-,-,-,-,
Alex McFarlaneNANo new player Notes PHI - P,,FA,-,743,2317,0%,-,-,-,-,-,-,
Aiden MayNANo new player Notes MIA - P,,FA,-,1041,2318,0%,-,-,-,-,-,-,
Ethan SchiefelbeinNANo new player Notes DET - P,,FA,-,768,2319,0%,-,-,-,-,-,-,
Micah OttenbreitNANo new player Notes PHI - P,,FA,-,750,2320,0%,-,-,-,-,-,-,
Daniel EagenNANo new player Notes AZ - P,,FA,-,1113,2321,0%,-,-,-,-,-,-,
Jean CabreraNAPlayer Note PHI - P,,FA,-,971,2322,0%,-,-,-,-,-,-,
Thomas HarringtonNAPlayer Note PIT - P,,FA,-,1397,2323,0%,-,-,-,-,-,-,
Michael KennedyNANo new player Notes CLE - P,,FA,-,894,2324,0%,-,-,-,-,-,-,
Travis SmithNANo new player Notes MIL - P,,FA,-,935,2325,0%,-,-,-,-,-,-,
Johnny KingNANo new player Notes TOR - P,,FA,-,877,2326,0%,-,-,-,-,-,-,
Dylan LeskoNANo new player Notes TB - P,,FA,-,767,2327,0%,-,-,-,-,-,-,
Jackson KentNANo new player Notes WSH - P,,FA,-,1094,2328,0%,-,-,-,-,-,-,
Adam MazurIL60No new player Notes MIA - P,,FA,-,1324,2329,0%,-,-,-,-,-,-,
Jairo IriarteNANo new player Notes CWS - P,,FA,-,1140,2330,0%,-,-,-,-,-,-,
Grant ShepardsonNANo new player Notes MIA - P,,FA,-,1079,2331,0%,-,-,-,-,-,-,
Garrett HawkinsNANo new player Notes SD - P,,FA,-,788,2332,0%,-,-,-,-,-,-,
Josh RandallNANo new player Notes WSH - P,,FA,-,957,2333,0%,-,-,-,-,-,-,
Justin SteeleIL60Player Note CHC - P,,FA,-,606,2334,5%,-,-,-,-,-,-,
Jakob WrightNANo new player Notes LAD - P,,FA,-,876,2335,0%,-,-,-,-,-,-,
Ryan BergertNA60No new player Notes KC - P,,FA,-,659,2336,0%,-,-,-,-,-,-,
Jagger HaynesNANo new player Notes SD - P,,FA,-,936,2337,0%,-,-,-,-,-,-,
Taylor DollardNANo new player Notes SEA - P,,FA,-,772,2338,0%,-,-,-,-,-,-,
Eric SilvaNANo new player Notes DET - P,,FA,-,904,2339,0%,-,-,-,-,-,-,
Khal StephenNANo new player Notes CLE - P,,FA,-,878,2340,0%,-,-,-,-,-,-,
Erik SwansonNANo new player Notes TOR - P,,FA,-,1286,2341,0%,-,-,-,-,-,-,
Génesis CabreraNANo new player Notes KC - P,,FA,-,1408,2342,0%,-,-,-,-,-,-,
Cooper HjerpeNANo new player Notes STL - P,,FA,-,798,2343,0%,-,-,-,-,-,-,
Griffin HerringNANo new player Notes COL - P,,FA,-,1033,2344,0%,-,-,-,-,-,-,
Pete HansenNANo new player Notes STL - P,,FA,-,1017,2345,0%,-,-,-,-,-,-,
Nate DohmNANo new player Notes STL - P,,FA,-,1065,2346,0%,-,-,-,-,-,-,
Zach SwansonNANo new player Notes DET - P,,FA,-,774,2347,0%,-,-,-,-,-,-,
Reed GarrettIL60No new player Notes NYM - P,,FA,-,603,2348,0%,-,-,-,-,-,-,
Ryan LoutosNANo new player Notes SEA - P,,FA,-,1387,2349,0%,-,-,-,-,-,-,
Brandon ClarkeNA60No new player Notes STL - P,,FA,-,810,2350,0%,-,-,-,-,-,-,
Sam StuhrNANo new player Notes ATH - P,,FA,-,874,2351,0%,-,-,-,-,-,-,
Luke SinnardNANo new player Notes ATL - P,,FA,-,868,2352,0%,-,-,-,-,-,-,
Brock PorterNANo new player Notes TEX - P,,FA,-,757,2353,0%,-,-,-,-,-,-,
Brandon NeelyNANo new player Notes BOS - P,,FA,-,948,2354,0%,-,-,-,-,-,-,
Tekoah RobyNA60No new player Notes STL - P,,FA,-,753,2355,0%,-,-,-,-,-,-,
Emiliano TeodoPlayer Note TEX - P,,FA,-,754,2356,0%,-,-,-,-,-,-,
Dane AckerNANo new player Notes TEX - P,,FA,-,800,2357,0%,-,-,-,-,-,-,
Marc ChurchNA7No new player Notes TEX - P,,FA,-,1190,2358,0%,-,-,-,-,-,-,
Josh StephanNANo new player Notes TEX - P,,FA,-,849,2359,0%,-,-,-,-,-,-,
Cody BradfordIL60Player Note TEX - P,,FA,-,672,2360,0%,-,-,-,-,-,-,
Brandon BarrieraNANo new player Notes TOR - P,,FA,-,967,2361,0%,-,-,-,-,-,-,
Hunter CrantonNANo new player Notes AZ - P,,FA,-,1086,2362,0%,-,-,-,-,-,-,
Cade ObermuellerNANo new player Notes PHI - P,,FA,-,850,2363,0%,-,-,-,-,-,-,
Jarlin SusanaNANo new player Notes WSH - P,,FA,-,885,2364,1%,-,-,-,-,-,-,
Carson MessinaNANo new player Notes TOR - P,,FA,-,898,2365,0%,-,-,-,-,-,-,
Konnor PilkingtonNANo new player Notes WSH - P,,FA,-,718,2366,0%,-,-,-,-,-,-,
Mason MolinaNANo new player Notes STL - P,,FA,-,1036,2367,0%,-,-,-,-,-,-,
L.P. LangevinNANo new player Notes KC - P,,FA,-,823,2368,0%,-,-,-,-,-,-,
Chia-Shi ShenNANo new player Notes SEA - P,,FA,-,1114,2369,0%,-,-,-,-,-,-,
Ethan BagwellNANo new player Notes ATL - P,,FA,-,954,2370,0%,-,-,-,-,-,-,
Clark CandiottiNANo new player Notes SD - P,,FA,-,840,2371,0%,-,-,-,-,-,-,
Jackson KowarNA60Player Note BAL - P,,FA,-,673,2372,0%,-,-,-,-,-,-,
Cole HertzlerNANo new player Notes HOU - P,,FA,-,891,2373,0%,-,-,-,-,-,-,
Cade CrosslandNANo new player Notes STL - P,,FA,-,1007,2374,0%,-,-,-,-,-,-,
Dylan JordanNANo new player Notes LAA - P,,FA,-,864,2375,0%,-,-,-,-,-,-,
Tony GonsolinNANo new player Notes LAD - P,,FA,-,1191,2376,0%,-,-,-,-,-,-,
Santiago SuarezNANo new player Notes TB - P,,FA,-,828,2377,0%,-,-,-,-,-,-,
Jared SpencerNANo new player Notes TOR - P,,FA,-,1049,2378,0%,-,-,-,-,-,-,
Will WatsonNANo new player Notes NYM - P,,FA,-,749,2379,0%,-,-,-,-,-,-,
Austin GordonNANo new player Notes LAA - P,,FA,-,1066,2380,0%,-,-,-,-,-,-,
Herick HernandezNANo new player Notes ATL - P,,FA,-,1109,2381,0%,-,-,-,-,-,-,
David HagamanNANo new player Notes AZ - P,,FA,-,943,2382,0%,-,-,-,-,-,-,
Braden DavisNANo new player Notes STL - P,,FA,-,947,2383,0%,-,-,-,-,-,-,
Charlie BeilensonNANo new player Notes SEA - P,,FA,-,1061,2384,0%,-,-,-,-,-,-,
John HolobetzNANo new player Notes BOS - P,,FA,-,773,2385,0%,-,-,-,-,-,-,
Yu-Min LinNANo new player Notes AZ - P,,FA,-,769,2386,0%,-,-,-,-,-,-,
Owen WhiteNANo new player Notes CWS - P,,FA,-,1300,2387,0%,-,-,-,-,-,-,
Dylan RayNANo new player Notes AZ - P,,FA,-,734,2388,0%,-,-,-,-,-,-,
Spencer GiestingNANo new player Notes AZ - P,,FA,-,1090,2389,0%,-,-,-,-,-,-,
Mike BaumannNANo new player Notes NYM - P,,FA,-,1178,2390,0%,-,-,-,-,-,-,
Kutter CrawfordIL60Player Note BOS - P,,FA,-,684,2391,0%,-,-,-,-,-,-,
Ryan LambertNANo new player Notes NYM - P,,FA,-,1120,2392,0%,-,-,-,-,-,-,
Jhonathan DíazNANo new player Notes SEA - P,,FA,-,720,2393,0%,-,-,-,-,-,-,
Ashton IzziNANo new player Notes AZ - P,,FA,-,987,2394,0%,-,-,-,-,-,-,
Ethan DorchiesNANo new player Notes MIL - P,,FA,-,1112,2395,0%,-,-,-,-,-,-,
Griff McGarryNANo new player Notes LAD - P,,FA,-,814,2396,0%,-,-,-,-,-,-,
Luke HaydenNANo new player Notes CIN - P,,FA,-,1108,2397,0%,-,-,-,-,-,-,
Jefry YanNANo new player Notes NYM - P,,FA,-,1125,2398,0%,-,-,-,-,-,-,
Josiah GrayIL60No new player Notes WSH - P,,FA,-,1181,2399,0%,-,-,-,-,-,-,
Edwin UcetaIL60Player Note TB - P,,FA,-,488,2400,3%,-,-,-,-,-,-,
Marcelo PerezNANo new player Notes SEA - P,,FA,-,870,2401,0%,-,-,-,-,-,-,
Reid VanScoterNANo new player Notes SEA - P,,FA,-,949,2402,0%,-,-,-,-,-,-,
Ryan GallagherNANo new player Notes MIN - P,,FA,-,872,2403,0%,-,-,-,-,-,-,
Grant KnippNANo new player Notes SEA - P,,FA,-,1088,2404,0%,-,-,-,-,-,-,
Gerelmi MaldonadoNANo new player Notes SF - P,,FA,-,968,2405,0%,-,-,-,-,-,-,
Jacob MillerNANo new player Notes MIA - P,,FA,-,1074,2406,0%,-,-,-,-,-,-,
Karson MilbrandtNANo new player Notes MIA - P,,Tm Mndlsn nd Mtchn,-,819,2407,3%,-,-,-,-,-,-,
Trace BrightNANo new player Notes BAL - P,,FA,-,748,2408,0%,-,-,-,-,-,-,
Yujanyer HerreraNANo new player Notes COL - P,,FA,-,1129,2409,0%,-,-,-,-,-,-,
Jacob BresnahanNANo new player Notes SF - P,,FA,-,1078,2410,0%,-,-,-,-,-,-,
Moises ChaceNA60No new player Notes PHI - P,,FA,-,1134,2411,0%,-,-,-,-,-,-,
Stephen JonesNANo new player Notes MIA - P,,FA,-,956,2412,0%,-,-,-,-,-,-,
Luis PeraltaNANo new player Notes CHC - P,,FA,-,1418,2413,0%,-,-,-,-,-,-,
Michael MercadoNANo new player Notes PHI - P,,FA,-,1292,2414,0%,-,-,-,-,-,-,
Colin PocheNANo new player Notes DET - P,,FA,-,1352,2415,0%,-,-,-,-,-,-,
Eduarniel NúñezNANo new player Notes CHC - P,,FA,-,1257,2416,0%,-,-,-,-,-,-,
Carson RagsdaleNANo new player Notes BAL - P,,FA,-,1278,2417,0%,-,-,-,-,-,-,
Henry BaezNANo new player Notes ATH - P,,FA,-,776,2418,0%,-,-,-,-,-,-,
Chen Zhong-Ao ZhuangNANo new player Notes ATH - P,,FA,-,861,2419,0%,-,-,-,-,-,-,
Brandon BirdsellNANo new player Notes CHC - P,,FA,-,1135,2420,0%,-,-,-,-,-,-,
Garrett McDanielsNANo new player Notes LAD - P,,FA,-,1259,2421,0%,-,-,-,-,-,-,
Emmanuel ClaseNANo new player Notes CLE - P,,FA,-,451,2422,1%,-,-,-,-,-,-,
Dan HammerNANew Player Note NYM - P,,FA,-,1024,2423,0%,-,-,-,-,-,-,
K.C. HuntNANo new player Notes TB - P,,FA,-,1069,2424,0%,-,-,-,-,-,-,
Yhoiker FajardoNANo new player Notes STL - P,,FA,-,892,2425,0%,-,-,-,-,-,-,
Dioris De La RosaNANo new player Notes LAA - P,,FA,-,796,2426,0%,-,-,-,-,-,-,
Ubaldo SotoNANo new player Notes LAA - P,,FA,-,1019,2427,0%,-,-,-,-,-,-,
Anderson BritoNANo new player Notes TB - P,,FA,-,1133,2428,0%,-,-,-,-,-,-,
Will JohnstonNANo new player Notes ATH - P,,FA,-,975,2429,0%,-,-,-,-,-,-,
Jhancarlos LaraNANo new player Notes WSH - P,,FA,-,1117,2430,0%,-,-,-,-,-,-,
Jeremy ReyesNANo new player Notes ATL - P,,FA,-,801,2431,0%,-,-,-,-,-,-,
Darlin SaladinNANo new player Notes STL - P,,FA,-,900,2432,0%,-,-,-,-,-,-,
Branneli FrancoNANo new player Notes STL - P,,FA,-,843,2433,0%,-,-,-,-,-,-,
Yordin ChalasNANo new player Notes AZ - P,,FA,-,981,2434,0%,-,-,-,-,-,-,
Michael ForretNANo new player Notes TB - P,,FA,-,831,2435,0%,-,-,-,-,-,-,
Esteban MejiaNANo new player Notes BAL - P,,FA,-,851,2436,0%,-,-,-,-,-,-,
Keeler MorfeNANo new player Notes BAL - P,,FA,-,756,2437,0%,-,-,-,-,-,-,
Juan ValeraNANo new player Notes BOS - P,,FA,-,847,2438,0%,-,-,-,-,-,-,
Hayden MullinsNANo new player Notes BOS - P,,FA,-,746,2439,0%,-,-,-,-,-,-,
Manuel RodríguezIL60No new player Notes TB - P,,FA,-,579,2440,0%,-,-,-,-,-,-,
Jojo IngrassiaNANo new player Notes BOS - P,,FA,-,979,2441,0%,-,-,-,-,-,-,
Dalvinson ReyesNANo new player Notes BOS - P,,FA,-,931,2442,0%,-,-,-,-,-,-,
Aldrin BatistaNANo new player Notes CWS - P,,FA,-,1105,2443,0%,-,-,-,-,-,-,
Ryan WebbNANo new player Notes CLE - P,,FA,-,899,2444,0%,-,-,-,-,-,-,
Michael ProseckyNANo new player Notes COL - P,,FA,-,1034,2445,0%,-,-,-,-,-,-,
Steven ZobacNANo new player Notes KC - P,,FA,-,763,2446,0%,-,-,-,-,-,-,
Felix ArrondeNANo new player Notes KC - P,,FA,-,820,2447,0%,-,-,-,-,-,-,
Samuel SanchezNANo new player Notes LAD - P,,FA,-,1137,2448,0%,-,-,-,-,-,-,
Keyner BenitezNANo new player Notes MIA - P,,FA,-,908,2449,0%,-,-,-,-,-,-,
Brayan MendozaNANo new player Notes MIA - P,,FA,-,730,2450,0%,-,-,-,-,-,-,
Blake WalstonIL60No new player Notes AZ - P,,FA,-,1144,2451,0%,-,-,-,-,-,-,
Jose OlivaresNANo new player Notes MIN - P,,FA,-,792,2452,0%,-,-,-,-,-,-,
Adrian BohorquezNANo new player Notes MIN - P,,FA,-,988,2453,0%,-,-,-,-,-,-,
Mavis GravesNANo new player Notes PHI - P,,FA,-,755,2454,0%,-,-,-,-,-,-,
Francis PenaNANo new player Notes SD - P,,FA,-,770,2455,0%,-,-,-,-,-,-,
Trent HarrisNANo new player Notes SF - P,,FA,-,984,2456,0%,-,-,-,-,-,-,
Dylan WilsonNANo new player Notes SEA - P,,FA,-,932,2457,0%,-,-,-,-,-,-,
Gary Gill HillNANo new player Notes TB - P,,FA,-,821,2458,0%,-,-,-,-,-,-,
Jose UrbinaNANo new player Notes TB - P,,FA,-,1044,2459,0%,-,-,-,-,-,-,
Ty JohnsonNANo new player Notes TB - P,,FA,-,1115,2460,0%,-,-,-,-,-,-,
Kohl DrakeNANo new player Notes AZ - P,,FA,-,1073,2461,0%,-,-,-,-,-,-,
Marquis Grissom Jr.NANo new player Notes WSH - P,,FA,-,822,2462,0%,-,-,-,-,-,-,
Fernando PerezNANo new player Notes TOR - P,,FA,-,1104,2463,0%,-,-,-,-,-,-,
Antoine KellyNANo new player Notes CHC - P,,FA,-,852,2464,0%,-,-,-,-,-,-,
Dedniel NúñezIL60No new player Notes NYM - P,,FA,-,698,2465,0%,-,-,-,-,-,-,
Quinn PriesterIL60No new player Notes MIL - P,,FA,-,497,2466,9%,-,-,-,-,-,-,
Andry LaraNANo new player Notes WSH - P,,FA,-,1395,2467,0%,-,-,-,-,-,-,
Kyle NelsonNANo new player Notes ATL - P,,FA,-,1183,2468,0%,-,-,-,-,-,-,
Tyler ClevelandNANo new player Notes SEA - P,,FA,-,1040,2469,0%,-,-,-,-,-,-,
Bryce JarvisNANo new player Notes AZ - P,,FA,-,1263,2470,0%,-,-,-,-,-,-,
Tommy HenryNANo new player Notes AZ - P,,FA,-,1184,2471,0%,-,-,-,-,-,-,
Max KranickNew Player Note WSH - P,,FA,-,602,2472,0%,-,-,-,-,-,-,
Eric ReyzelmanNANo new player Notes NYY - P,,FA,-,933,2473,0%,-,-,-,-,-,-,
Kenya HugginsNANo new player Notes ATH - P,,FA,-,997,2474,0%,-,-,-,-,-,-,
Pierson OhlIL60No new player Notes COL - P,,FA,-,1289,2475,0%,-,-,-,-,-,-,
Ryan PepiotIL60No new player Notes TB - P,,Joe Byron,-,489,2476,32%,-,-,-,-,-,-,
Bobby MillerIL60No new player Notes LAD - P,,FA,-,1341,2477,0%,-,-,-,-,-,-,
Austin PetersonNANo new player Notes CLE - P,,FA,-,829,2478,0%,-,-,-,-,-,-,
Wellington AracenaNANo new player Notes AZ - P,,FA,-,939,2479,0%,-,-,-,-,-,-,
Nestor GermanNANo new player Notes BAL - P,,FA,-,879,2480,0%,-,-,-,-,-,-,
Brandon WaddellNA7No new player Notes NYM - P,,FA,-,1167,2481,0%,-,-,-,-,-,-,
Bowden FrancisIL60No new player Notes TOR - P,,FA,-,1406,2482,0%,-,-,-,-,-,-,
Carlos VargasIL60No new player Notes SEA - P,,FA,-,721,2483,0%,-,-,-,-,-,-,
David DavalilloNANo new player Notes TEX - P,,FA,-,855,2484,0%,-,-,-,-,-,-,
Kohei AriharaNANo new player Notes TEX - P,,FA,-,780,2485,0%,-,-,-,-,-,-,
Grant KippNANo new player Notes CHC - P,,FA,-,1091,2486,0%,-,-,-,-,-,-,
Michel OtañezNANo new player Notes TEX - P,,FA,-,1269,2487,0%,-,-,-,-,-,-,
Daison AcostaNANo new player Notes SD - P,,FA,-,1122,2488,0%,-,-,-,-,-,-,
Robinson OrtizNANo new player Notes SEA - P,,FA,-,873,2489,0%,-,-,-,-,-,-,
Tyson HardinNANo new player Notes MIL - P,,FA,-,1018,2490,0%,-,-,-,-,-,-,
Douglas OrellanaNANo new player Notes NYM - P,,FA,-,752,2491,0%,-,-,-,-,-,-,
Bailey HornIL60No new player Notes DET - P,,FA,-,1163,2492,0%,-,-,-,-,-,-,
Tink HenceNANo new player Notes STL - P,,FA,-,836,2493,0%,-,-,-,-,-,-,
CJ Van EykPlayer Note TOR - P,,FA,-,958,2494,0%,-,-,-,-,-,-,
Jason FoleyPlayer Note SF - P,,FA,-,655,2495,0%,-,-,-,-,-,-,
Connor NolandNANo new player Notes CHC - P,,FA,-,824,2496,0%,-,-,-,-,-,-,
Jake CousinsIL60No new player Notes LAD - P,,FA,-,686,2497,0%,-,-,-,-,-,-,
Tylor MegillIL60No new player Notes NYM - P,,FA,-,613,2498,0%,-,-,-,-,-,-,
Sean Paul LiñanNANo new player Notes NYY - P,,FA,-,745,2499,0%,-,-,-,-,-,-,
Elison JosephNANo new player Notes ATL - P,,FA,-,830,2500,0%,-,-,-,-,-,-,
Kaleb OrtNANo new player Notes LAA - P,,FA,-,1186,2501,0%,-,-,-,-,-,-,
Ryan HarbinIL7No new player Notes PIT - P,,FA,-,1043,2502,0%,-,-,-,-,-,-,
